Timestamp,IP Address,Grid Phase Voltage A,Grid Phase Voltage B,Grid Phase Voltage C,Grid Line Voltage AB,Grid Line Voltage BC,Grid Line Voltage CA,Grid Current A,Grid Current B,Grid Current C,Grid Active Power A,Grid Active Power B,Grid Active Power C,Grid Apparent Power A,Grid Apparent Power B,Grid Apparent Power C,Grid Frequency,Number Of Online Modules,Grid Reactive Power A,Grid Reactive Power B,Grid Reactive Power C,Grid Power Factor A,Grid Power Factor B,Grid Power Factor C,Total Active Power,Total Reactive Power,Total Apparent Power,Total DC power,Total DC Charge Energy (high bytes),Total DC Charge Energy (low bytes),Total DC Discharge Energy (high bytes),Total DC Discharge Energy (low bytes),Total AC Charge Energy (high bytes),Total AC Charge Energy (low bytes),Total AC Discharge Energy (high bytes),Total AC Discharge Energy (low bytes),Total Reactive Power Energy (high bytes),Total Reactive Power Energy (low bytes),Load Line Voltage AB,Load Line Voltage BC,Load Line Voltage AC,Load Current A,Load Current B,Load Current C,Load Active Power A,Load Active Power B,Load Active Power C,Load Apparent Power A,Load Apparent Power B,Load Apparent Power C,Total Load Active Power,Total Load Apparent Power,Output Frequency,PCS Active Power A,PCS Active Power B,PCS Active Power C,PCS Reactive Power A,PCS Reactive Power B,PCS Reactive Power C,PCS Apparent Power A,PCS Apparent Power B,PCS Apparent Power C,Total PCS Active Power,Total PCS Reactive Power,Total PCS Apparent Power,#1 DC Voltage,#1 DC Current,#1 DC Power,Battery #1 SOC,Battery #1 SOH,Max rechargeable current,Max dischargeable current,Max allowable charging voltage
2024-10-07 09:29:23,BATT014,8,8,11,13,13,19,0,0,0,0,0,0,0,0,0,0,1,65534,65535,65534,0,0,0,0,65531,0,0,0,146,0,401,0,538,0,71,0,1304,3975,4009,3962,0,0,25,0,0,3,0,0,5,3,5,4998,0,0,4,0,0,0,2,1,5,4,0,8,7877,8,0,86,100,200,1000,8592
2024-10-07 09:30:11,BATT014,8,8,11,13,13,19,0,0,0,0,0,0,0,0,0,0,1,65535,65535,65534,0,0,0,0,65532,0,0,0,146,0,401,0,538,0,71,0,1304,3975,4013,3962,0,0,25,0,0,3,0,0,5,3,5,4998,0,0,5,0,0,0,1,1,5,5,0,7,7877,8,0,86,100,200,1000,8592
2024-10-07 09:30:59,BATT014,8,8,11,13,13,19,0,0,0,0,0,0,0,0,0,0,1,65535,65535,65534,0,0,0,0,65532,0,0,0,146,0,401,0,538,0,71,0,1304,3975,4009,3962,0,0,25,0,0,3,0,0,5,3,5,4998,0,0,4,0,0,0,2,1,5,4,0,8,7876,8,0,86,100,200,1000,8592
2024-10-07 09:31:47,BATT014,8,8,8,13,13,13,0,0,0,0,0,0,0,0,0,0,1,65535,65535,65533,0,0,0,0,65531,0,0,0,146,0,401,0,538,0,71,0,1304,3975,4009,3962,0,0,25,0,0,3,0,0,5,3,5,4998,0,0,5,0,0,0,1,1,6,5,0,8,7877,8,0,86,100,200,1000,8592
2024-10-07 09:32:35,BATT014,8,8,11,13,13,19,0,0,0,0,0,0,0,0,0,0,1,65535,65535,65534,0,0,0,0,65532,0,0,0,146,0,401,0,538,0,71,0,1304,3975,4009,3962,0,0,25,0,0,3,0,0,5,3,5,4998,0,0,5,0,0,0,1,1,5,5,0,7,7876,8,0,86,100,200,1000,8592
2024-10-07 09:33:23,BATT014,8,6,8,13,10,13,0,0,0,0,0,0,0,0,0,0,1,65535,65535,65534,0,0,0,0,65532,0,0,0,146,0,401,0,538,0,71,0,1304,3971,4009,3962,0,0,25,0,0,3,0,0,5,3,5,4998,0,0,4,0,0,0,2,1,5,4,0,8,7876,8,0,86,100,200,1000,8592
2024-10-07 09:34:11,BATT014,8,6,8,13,10,13,0,0,0,0,0,0,0,0,0,0,1,65535,65535,65534,0,0,0,0,65532,0,0,0,146,0,401,0,538,0,71,0,1304,3975,4009,3962,0,0,25,0,0,3,0,0,5,3,5,4998,0,0,5,0,0,0,2,1,5,5,0,8,7876,8,0,86,100,200,1000,8592
2024-10-07 09:34:58,BATT014,8,6,8,13,10,13,0,0,0,0,0,0,0,0,0,0,1,1,1,2,0,0,0,0,4,0,0,0,146,0,401,0,538,0,71,0,1304,3971,4009,3962,0,0,25,0,0,3,0,0,5,3,5,4998,0,0,5,1,1,2,1,1,5,5,4,7,7877,8,0,86,100,200,1000,8592
2024-10-07 09:35:46,BATT014,8,6,11,13,10,19,0,0,0,0,0,0,0,0,0,0,1,65535,65535,65533,0,0,0,0,65531,0,0,0,146,0,401,0,538,0,71,0,1304,3975,4009,3962,0,0,25,0,0,3,0,0,5,3,5,4998,0,0,5,0,0,0,1,1,5,5,0,7,7877,8,0,86,100,200,1000,8592
2024-10-07 09:36:34,BATT014,8,6,11,13,10,19,0,0,0,0,0,0,0,0,0,0,1,65535,65535,65534,0,0,0,0,65532,0,0,0,146,0,401,0,538,0,71,0,1304,3975,4009,3962,0,0,25,0,0,3,0,0,5,3,5,4998,0,0,5,0,0,0,2,1,5,5,0,8,7878,8,0,86,100,200,1000,8592
2024-10-07 09:37:22,BATT014,8,8,11,13,13,19,0,0,0,0,0,0,0,0,0,0,1,65535,65535,65533,0,0,0,0,65531,0,0,0,146,0,401,0,538,0,71,0,1304,3975,4009,3959,0,0,25,0,0,3,0,0,5,3,5,4998,0,0,5,0,0,0,1,1,6,5,0,8,7878,8,0,86,100,200,1000,8592
2024-10-07 09:38:10,BATT014,8,8,11,13,13,19,0,0,0,0,0,0,0,0,0,0,1,65535,0,65533,0,0,0,0,65532,0,0,0,146,0,401,0,538,0,71,0,1304,3975,4009,3962,0,0,25,0,0,3,0,0,5,3,5,4998,0,0,5,0,0,0,1,0,5,5,0,6,7876,8,0,86,100,200,1000,8592
2024-10-07 09:38:58,BATT014,8,8,11,13,13,19,0,0,0,0,0,0,0,0,0,0,1,65535,65535,65534,0,0,0,0,65532,0,0,0,146,0,401,0,538,0,71,0,1304,3975,4009,3962,0,0,25,0,0,3,0,0,5,3,5,4998,0,0,4,0,0,0,2,1,5,4,0,8,7876,8,0,86,100,200,1000,8592
2024-10-07 09:39:46,BATT014,8,8,11,13,13,19,0,0,0,0,0,0,0,0,0,0,1,65535,65535,65533,0,0,0,0,65531,0,0,0,146,0,401,0,538,0,71,0,1304,3975,4009,3962,0,0,25,0,0,3,0,0,5,3,5,4998,0,0,4,0,0,0,1,1,5,4,0,7,7876,8,0,86,100,200,1000,8592
2024-10-07 09:40:34,BATT014,8,8,11,13,13,19,0,0,0,0,0,0,0,0,0,0,1,65535,65535,65534,0,0,0,0,65532,0,0,0,146,0,401,0,538,0,71,0,1304,3975,4009,3962,0,0,25,0,0,3,0,0,5,3,5,4998,0,0,5,0,0,0,1,1,5,5,0,7,7875,8,0,86,100,200,1000,8592
2024-10-07 09:41:22,BATT014,8,8,11,13,13,19,0,0,0,0,0,0,0,0,0,0,1,65535,65535,65533,0,0,0,0,65531,0,0,0,146,0,401,0,538,0,71,0,1304,3975,4013,3962,0,0,25,0,0,3,0,0,5,3,5,4998,0,0,4,0,0,0,1,1,5,4,0,7,7875,8,0,86,100,200,1000,8592
2024-10-07 09:42:10,BATT014,8,8,11,13,13,19,0,0,0,0,0,0,0,0,0,0,1,65534,65535,65534,0,0,0,0,65531,0,0,0,146,0,401,0,538,0,71,0,1304,3975,4013,3962,0,0,25,0,0,3,0,0,5,3,5,4998,0,0,4,0,0,0,2,1,5,4,0,8,7874,8,0,86,100,200,1000,8592
2024-10-07 09:42:57,BATT014,8,8,11,13,13,19,0,0,0,0,0,0,0,0,0,0,1,65535,65535,0,0,0,0,0,65534,0,0,0,146,0,401,0,538,0,71,0,1304,3975,4009,3962,0,0,25,0,0,3,0,0,5,3,5,4998,0,0,4,0,0,0,1,1,5,4,0,7,7873,8,0,86,100,200,1000,8592
2024-10-07 09:43:45,BATT014,8,6,11,13,10,19,0,0,0,0,0,0,0,0,0,0,1,65535,65535,65534,0,0,0,0,65532,0,0,0,146,0,401,0,538,0,71,0,1304,3975,4013,3962,0,0,25,0,0,3,0,0,5,3,5,4998,0,0,5,0,0,0,1,1,5,5,0,7,7874,8,0,86,100,200,1000,8592
2024-10-07 09:44:33,BATT014,8,8,11,13,13,19,0,0,0,0,0,0,0,0,0,0,1,65534,65535,65534,0,0,0,0,65531,0,0,0,146,0,401,0,538,0,71,0,1304,3975,4013,3962,0,0,25,0,0,3,0,0,5,3,5,4998,0,0,4,0,0,0,2,1,5,4,0,8,7875,8,0,86,100,200,1000,8592
2024-10-07 09:45:21,BATT014,8,6,11,13,10,19,0,0,0,0,0,0,0,0,0,0,1,1,1,2,0,0,0,0,4,0,0,0,146,0,401,0,538,0,71,0,1304,3975,4013,3962,0,0,25,0,0,3,0,0,5,3,5,4998,0,0,5,1,1,2,1,1,5,5,4,7,7875,8,0,86,100,200,1000,8592
2024-10-07 09:46:09,BATT014,8,6,11,13,10,19,0,0,0,0,0,0,0,0,0,0,1,65535,65535,65533,0,0,0,0,65531,0,0,0,146,0,401,0,538,0,71,0,1304,3975,4013,3962,0,0,25,0,0,3,0,0,5,3,5,4998,0,0,5,0,0,0,1,1,6,5,0,8,7874,8,0,86,100,200,1000,8592
2024-10-07 09:46:57,BATT014,8,6,8,13,10,13,0,0,0,0,0,0,0,0,0,0,1,2,1,2,0,0,0,0,5,0,0,0,146,0,401,0,538,0,71,0,1304,3975,4009,3962,0,0,25,0,0,3,0,0,5,3,5,4998,0,0,5,2,1,2,2,1,5,5,5,8,7875,8,0,86,100,200,1000,8592
2024-10-07 09:47:45,BATT014,8,8,11,13,13,19,0,0,0,0,0,0,0,0,0,0,1,65535,65535,65534,0,0,0,0,65532,0,0,0,146,0,401,0,538,0,71,0,1304,3975,4013,3962,0,0,25,0,0,3,0,0,5,3,5,4998,0,0,4,0,0,0,2,1,5,4,0,8,7874,8,0,86,100,200,1000,8592
2024-10-07 09:48:33,BATT014,8,6,11,13,10,19,0,0,0,0,0,0,0,0,0,0,1,65535,65535,65534,0,0,0,0,65532,0,0,0,146,0,401,0,538,0,71,0,1304,3975,4009,3962,0,0,25,0,0,3,0,0,5,3,5,4998,0,0,5,0,0,0,1,1,5,5,0,7,7874,9,0,86,100,200,1000,8592
2024-10-07 09:49:21,BATT014,8,6,11,13,10,19,0,0,0,0,0,0,0,0,0,0,1,1,1,2,0,0,0,0,4,0,0,0,146,0,401,0,538,0,71,0,1304,3975,4013,3962,0,0,25,0,0,3,0,0,5,3,5,4998,0,0,4,1,1,2,2,1,5,4,4,8,7872,9,0,86,100,200,1000,8592
2024-10-07 09:50:09,BATT014,8,8,11,13,13,19,0,0,0,0,0,0,0,0,0,0,1,65535,65535,65534,0,0,0,0,65532,0,0,0,146,0,401,0,538,0,71,0,1304,3975,4009,3962,0,0,25,0,0,3,0,0,5,3,5,4998,0,0,5,0,0,0,2,0,6,5,0,8,7875,8,0,86,100,200,1000,8592
2024-10-07 09:50:57,BATT014,8,8,11,13,13,19,0,0,0,0,0,0,0,0,0,0,1,65535,65535,65533,0,0,0,0,65531,0,0,0,146,0,401,0,538,0,71,0,1304,3975,4013,3962,0,0,25,0,0,3,0,0,5,3,5,4998,0,0,5,0,0,0,1,1,6,5,0,8,7874,9,0,86,100,200,1000,8592
2024-10-07 09:51:44,BATT014,8,8,11,13,13,19,0,0,0,0,0,0,0,0,0,0,1,65535,65535,65534,0,0,0,0,65532,0,0,0,146,0,401,0,538,0,71,0,1304,3975,4009,3962,0,0,25,0,0,3,0,0,5,3,5,4998,0,0,5,0,0,0,2,1,5,5,0,8,7873,8,0,86,100,200,1000,8592
2024-10-07 09:52:32,BATT014,8,8,11,13,13,19,0,0,0,0,0,0,0,0,0,0,1,65535,65535,65534,0,0,0,0,65532,0,0,0,146,0,401,0,538,0,71,0,1304,3975,4009,3962,0,0,25,0,0,3,0,0,5,3,5,4998,0,0,5,0,0,0,1,1,5,5,0,7,7873,8,0,86,100,200,1000,8592
2024-10-07 09:53:20,BATT014,8,6,8,13,10,13,0,0,0,0,0,0,0,0,0,0,1,65534,65535,65533,0,0,0,0,65530,0,0,0,146,0,401,0,538,0,71,0,1304,3975,4013,3962,0,0,25,0,0,3,0,0,5,3,5,4998,0,0,4,0,0,0,2,1,5,4,0,8,7873,9,0,86,100,200,1000,8592
2024-10-07 09:54:08,BATT014,8,6,11,13,10,19,0,0,0,0,0,0,0,0,0,0,1,65534,0,65533,0,0,0,0,65531,0,0,0,146,0,401,0,538,0,71,0,1304,3975,4009,3962,0,0,25,0,0,3,0,0,5,3,5,4998,0,0,4,0,0,0,1,1,5,4,0,7,7872,8,0,86,100,200,1000,8592
2024-10-07 09:54:56,BATT014,8,6,11,13,10,19,0,0,0,0,0,0,0,0,0,0,1,1,1,2,0,0,0,0,4,0,0,0,146,0,401,0,538,0,71,0,1304,3975,4013,3962,0,0,25,0,0,3,0,0,5,3,5,4998,0,0,4,1,1,2,1,1,5,4,4,7,7874,8,0,86,100,200,1000,8592
2024-10-07 09:55:44,BATT014,8,8,11,13,13,19,0,0,0,0,0,0,0,0,0,0,1,65534,65535,65533,0,0,0,0,65530,0,0,0,146,0,401,0,538,0,71,0,1304,3975,4009,3962,0,0,25,0,0,3,0,0,5,3,5,4998,0,0,5,0,0,0,2,1,5,5,0,8,7875,8,0,86,100,200,1000,8592
2024-10-07 09:56:32,BATT014,8,6,11,13,10,19,0,0,0,0,0,0,0,0,0,0,1,1,1,2,0,0,0,0,4,0,0,0,146,0,401,0,538,0,71,0,1304,3975,4009,3962,0,0,25,0,0,3,0,0,5,3,5,4998,0,0,5,1,1,2,1,1,5,5,4,7,7875,8,0,86,100,200,1000,8592
2024-10-07 09:57:20,BATT014,8,6,11,13,10,19,0,0,0,0,0,0,0,0,0,0,1,65535,65535,65534,0,0,0,0,65532,0,0,0,146,0,401,0,538,0,71,0,1304,3975,4009,3962,0,0,25,0,0,3,0,0,5,3,5,4998,0,0,4,0,0,0,1,1,5,4,0,7,7874,8,0,86,100,200,1000,8592
2024-10-07 09:58:07,BATT014,8,8,11,13,13,19,0,0,0,0,0,0,0,0,0,0,1,65535,65535,65534,0,0,0,0,65532,0,0,0,146,0,401,0,538,0,71,0,1304,3975,4009,3962,0,0,25,0,0,3,0,0,5,3,5,4998,0,0,4,0,0,0,1,1,5,4,0,7,7875,8,0,86,100,200,1000,8592
2024-10-07 09:58:56,BATT014,8,8,11,13,13,19,0,0,0,0,0,0,0,0,0,0,1,65535,65535,65534,0,0,0,0,65532,0,0,0,146,0,401,0,538,0,71,0,1304,3975,4013,3962,0,0,25,0,0,3,0,0,5,3,5,4998,0,0,5,0,0,0,1,1,5,5,0,7,7874,8,0,86,100,200,1000,8592
2024-10-07 09:59:44,BATT014,8,8,11,13,13,19,0,0,0,0,0,0,0,0,0,0,1,65535,65535,65534,0,0,0,0,65532,0,0,0,146,0,401,0,538,0,71,0,1304,3975,4009,3962,0,0,25,0,0,3,0,0,5,3,5,4998,0,0,5,0,0,0,1,1,5,5,0,7,7875,8,0,86,100,200,1000,8592
2024-10-07 10:00:32,BATT014,8,8,11,13,13,19,0,0,0,0,0,0,0,0,0,0,1,65535,65535,65534,0,0,0,0,65532,0,0,0,146,0,401,0,538,0,71,0,1304,3975,4013,3962,0,0,25,0,0,3,0,0,5,3,5,4998,0,0,5,0,0,0,2,1,5,5,0,8,7876,8,0,86,100,200,1000,8592
2024-10-07 10:01:20,BATT014,8,8,11,13,13,19,0,0,0,0,0,0,0,0,0,0,1,65535,65535,65534,0,0,0,0,65532,0,0,0,146,0,401,0,538,0,71,0,1304,3975,4013,3962,0,0,25,0,0,3,0,0,5,3,5,4996,0,0,5,0,0,0,1,1,5,5,0,7,7874,8,0,86,100,200,1000,8592
2024-10-07 10:02:08,BATT014,11,8,11,19,13,19,0,0,0,0,0,0,0,0,0,0,1,65535,65535,65533,0,0,0,0,65531,0,0,0,146,0,401,0,538,0,71,0,1304,3975,4013,3962,0,0,25,0,0,3,0,0,5,3,5,4998,0,0,5,0,0,0,1,1,5,5,0,7,7876,8,0,86,100,200,1000,8592
2024-10-07 10:02:55,BATT014,11,8,11,19,13,19,0,0,0,0,0,0,0,0,0,0,1,65535,65535,65534,0,0,0,0,65532,0,0,0,146,0,401,0,538,0,71,0,1304,3975,4009,3962,0,0,25,0,0,3,0,0,5,3,5,4998,0,0,4,0,0,0,1,0,5,4,0,6,7875,8,0,86,100,200,1000,8592
2024-10-07 10:03:43,BATT014,11,6,11,19,10,19,0,0,0,0,0,0,0,0,0,0,1,65535,65535,65534,0,0,0,0,65532,0,0,0,146,0,401,0,538,0,71,0,1304,3975,4009,3962,0,0,25,0,0,3,0,0,5,3,5,4998,0,0,4,0,0,0,1,1,5,4,0,7,7875,8,0,86,100,200,1000,8592
2024-10-07 10:04:31,BATT014,8,8,11,13,13,19,0,0,0,0,0,0,0,0,0,0,1,65535,65535,65534,0,0,0,0,65532,0,0,0,146,0,401,0,538,0,71,0,1304,3975,4013,3962,0,0,25,0,0,3,0,0,5,3,5,4996,0,0,5,0,0,0,1,1,5,5,0,7,7874,8,0,86,100,200,1000,8592
2024-10-07 10:05:19,BATT014,8,8,11,13,13,19,0,0,0,0,0,0,0,0,0,0,1,65535,65535,65534,0,0,0,0,65532,0,0,0,146,0,401,0,538,0,71,0,1304,3975,4013,3962,0,0,25,0,0,3,0,0,5,3,5,4998,0,0,5,0,0,0,1,1,5,5,0,7,7874,8,0,86,100,200,1000,8592
2024-10-07 10:06:07,BATT014,8,8,11,13,13,19,0,0,0,0,0,0,0,0,0,0,1,65535,0,65534,0,0,0,0,65533,0,0,0,146,0,401,0,538,0,71,0,1304,3975,4009,3962,0,0,25,0,0,3,0,0,5,3,5,4998,0,0,5,0,0,0,2,0,6,5,0,8,7875,8,0,86,100,200,1000,8592
2024-10-07 10:06:55,BATT014,8,8,11,13,13,19,0,0,0,0,0,0,0,0,0,0,1,65535,65535,65534,0,0,0,0,65532,0,0,0,146,0,401,0,538,0,71,0,1304,3975,4013,3962,0,0,25,0,0,3,0,0,5,3,5,4998,0,0,5,0,0,0,1,1,5,5,0,7,7874,8,0,86,100,200,1000,8592
2024-10-07 10:07:43,BATT014,8,8,11,13,13,19,0,0,0,0,0,0,0,0,0,0,1,65535,65535,65534,0,0,0,0,65532,0,0,0,146,0,401,0,538,0,71,0,1304,3975,4009,3962,0,0,25,0,0,3,0,0,5,3,5,4998,0,0,5,0,0,0,1,1,5,5,0,7,7873,8,0,86,100,200,1000,8592
2024-10-07 10:08:31,BATT014,11,8,11,19,13,19,0,0,0,0,0,0,0,0,0,0,1,1,1,2,0,0,0,0,4,0,0,0,146,0,401,0,538,0,71,0,1304,3975,4013,3962,0,0,25,0,0,3,0,0,5,3,5,4998,0,0,5,1,1,2,1,1,5,5,4,7,7874,8,0,86,100,200,1000,8592
2024-10-07 10:09:19,BATT014,11,8,11,19,13,19,0,0,0,0,0,0,0,0,0,0,1,65535,65535,65534,0,0,0,0,65532,0,0,0,146,0,401,0,538,0,71,0,1304,3975,4009,3962,0,0,25,0,0,3,0,0,5,3,5,4998,0,0,4,0,0,0,2,1,5,4,0,8,7875,8,0,86,100,200,1000,8592
2024-10-07 10:10:07,BATT014,8,8,11,13,13,19,0,0,0,0,0,0,0,0,0,0,1,65534,65535,65533,0,0,0,0,65530,0,0,0,146,0,401,0,538,0,71,0,1304,3975,4013,3962,0,0,25,0,0,3,0,0,5,3,5,4998,0,0,5,0,0,0,2,1,5,5,0,8,7874,8,0,86,100,200,1000,8592
2024-10-07 10:10:55,BATT014,8,8,11,13,13,19,0,0,0,0,0,0,0,0,0,0,1,65535,65535,65534,0,0,0,0,65532,0,0,0,146,0,401,0,538,0,71,0,1304,3975,4013,3962,0,0,25,0,0,3,0,0,5,3,5,4996,0,0,4,0,0,0,2,1,5,4,0,8,7875,8,0,86,100,200,1000,8592
2024-10-07 10:11:43,BATT014,11,8,11,19,13,19,0,0,0,0,0,0,0,0,0,0,1,65535,65535,65534,0,0,0,0,65532,0,0,0,146,0,401,0,538,0,71,0,1304,3975,4013,3962,0,0,25,0,0,3,0,0,5,3,5,4998,0,0,5,0,0,0,2,1,6,5,0,9,7874,8,0,86,100,200,1000,8592
2024-10-07 10:12:31,BATT014,8,8,11,13,13,19,0,0,0,0,0,0,0,0,0,0,1,1,1,2,0,0,0,0,4,0,0,0,146,0,401,0,538,0,71,0,1304,3975,4013,3962,0,0,25,0,0,3,0,0,5,3,5,4998,0,0,4,1,1,2,1,1,5,4,4,7,7874,8,0,86,100,200,1000,8592
2024-10-07 10:13:19,BATT014,8,8,11,13,13,19,0,0,0,0,0,0,0,0,0,0,1,65535,65535,65533,0,0,0,0,65531,0,0,0,146,0,401,0,538,0,71,0,1304,3975,4009,3962,0,0,25,0,0,3,0,0,5,3,5,4998,0,0,5,0,0,0,2,1,6,5,0,9,7875,8,0,86,100,200,1000,8592
2024-10-07 10:14:07,BATT014,8,6,11,13,10,19,0,0,0,0,0,0,0,0,0,0,1,1,1,2,0,0,0,0,4,0,0,0,146,0,401,0,538,0,71,0,1304,3975,4009,3962,0,0,25,0,0,3,0,0,5,3,5,4998,0,0,5,1,1,2,1,1,6,5,4,8,7875,8,0,86,100,200,1000,8592
2024-10-07 10:14:55,BATT014,11,8,11,19,13,19,0,0,0,0,0,0,0,0,0,0,1,65535,65535,65535,0,0,0,0,65533,0,0,0,146,0,401,0,538,0,71,0,1304,3975,4013,3962,0,0,25,0,0,3,0,0,5,3,5,4998,0,0,5,0,0,0,1,1,5,5,0,7,7877,8,0,86,100,200,1000,8592
2024-10-07 10:15:43,BATT014,8,8,11,13,13,19,0,0,0,0,0,0,0,0,0,0,1,65535,65535,65535,0,0,0,0,65533,0,0,0,146,0,401,0,538,0,71,0,1304,3975,4009,3962,0,0,25,0,0,3,0,0,5,3,5,4998,0,0,5,0,0,0,1,1,5,5,0,7,7874,8,0,86,100,200,1000,8592
2024-10-07 10:16:31,BATT014,8,8,11,13,13,19,0,0,0,0,0,0,0,0,0,0,1,65535,65535,65533,0,0,0,0,65531,0,0,0,146,0,401,0,538,0,71,0,1304,3975,4009,3962,0,0,25,0,0,3,0,0,5,3,5,4998,0,0,4,0,0,0,1,1,6,4,0,8,7874,8,0,86,100,200,1000,8592
2024-10-07 10:17:19,BATT014,8,8,11,13,13,19,0,0,0,0,0,0,0,0,0,0,1,2,1,2,0,0,0,0,5,0,0,0,146,0,401,0,538,0,71,0,1304,3975,4009,3962,0,0,25,0,0,3,0,0,5,3,5,4998,0,0,5,2,1,2,2,1,5,5,5,8,7881,8,0,86,100,200,1000,8592
2024-10-07 10:18:07,BATT014,8,6,11,13,10,19,0,0,0,0,0,0,0,0,0,0,1,65535,65535,65535,0,0,0,0,65533,0,0,0,146,0,401,0,538,0,71,0,1304,3975,4013,3962,0,0,25,0,0,3,0,0,5,3,5,4998,0,0,4,0,0,0,1,1,6,4,0,8,7874,8,0,86,100,200,1000,8592
2024-10-07 10:18:55,BATT014,8,8,11,13,13,19,0,0,0,0,0,0,0,0,0,0,1,65535,65535,65534,0,0,0,0,65532,0,0,0,146,0,401,0,538,0,71,0,1304,3975,4009,3959,0,0,25,0,0,3,0,0,5,3,5,4998,0,0,5,0,0,0,1,1,5,5,0,7,7876,8,0,86,100,200,1000,8592
2024-10-07 10:19:43,BATT014,8,6,11,13,10,19,0,0,0,0,0,0,0,0,0,0,1,1,1,2,0,0,0,0,4,0,0,0,146,0,401,0,538,0,71,0,1304,3975,4009,3962,0,0,25,0,0,3,0,0,5,3,5,4998,0,0,5,1,1,2,1,1,5,5,4,7,7875,8,0,86,100,200,1000,8592
2024-10-07 10:20:31,BATT014,8,6,8,13,10,13,0,0,0,0,0,0,0,0,0,0,1,65535,65535,65534,0,0,0,0,65532,0,0,0,146,0,401,0,538,0,71,0,1304,3975,4009,3959,0,0,25,0,0,3,0,0,5,3,5,4998,0,0,4,0,0,0,1,1,5,4,0,7,7876,8,0,86,100,200,1000,8592
2024-10-07 10:21:19,BATT014,8,6,11,13,10,19,0,0,0,0,0,0,0,0,0,0,1,1,1,2,0,0,0,0,4,0,0,0,146,0,401,0,538,0,71,0,1304,3975,4009,3962,0,0,25,0,0,3,0,0,5,3,5,4998,0,0,5,1,1,2,2,1,6,5,4,9,7876,8,0,86,100,200,1000,8592
2024-10-07 10:22:07,BATT014,8,8,11,13,13,19,0,0,0,0,0,0,0,0,0,0,1,65535,65535,65534,0,0,0,0,65532,0,0,0,146,0,401,0,538,0,71,0,1304,3975,4009,3962,0,0,25,0,0,3,0,0,5,3,5,4998,0,0,5,0,0,0,1,1,5,5,0,7,7875,8,0,86,100,200,1000,8592
2024-10-07 10:22:55,BATT014,8,8,11,13,13,19,0,0,0,0,0,0,0,0,0,0,1,65535,65535,65535,0,0,0,0,65533,0,0,0,146,0,401,0,538,0,71,0,1304,3975,4013,3962,0,0,25,0,0,3,0,0,5,3,5,4998,0,0,5,0,0,0,1,1,5,5,0,7,7873,8,0,86,100,200,1000,8592
2024-10-07 10:23:43,BATT014,8,8,11,13,13,19,0,0,0,0,0,0,0,0,0,0,1,65535,65535,65534,0,0,0,0,65532,0,0,0,146,0,401,0,538,0,71,0,1304,3975,4009,3962,0,0,25,0,0,3,0,0,5,3,5,4998,0,0,5,0,0,0,1,1,5,5,0,7,7875,8,0,86,100,200,1000,8592
2024-10-07 10:24:31,BATT014,11,6,11,19,10,19,0,0,0,0,0,0,0,0,0,0,1,65535,65535,65534,0,0,0,0,65532,0,0,0,146,0,401,0,538,0,71,0,1304,3975,4009,3962,0,0,25,0,0,3,0,0,5,3,5,4998,0,0,5,0,0,0,1,1,5,5,0,7,7876,8,0,86,100,200,1000,8592
2024-10-07 10:25:19,BATT014,11,8,11,19,13,19,0,0,0,0,0,0,0,0,0,0,1,65535,65535,65534,0,0,0,0,65532,0,0,0,146,0,401,0,538,0,71,0,1304,3975,4009,3962,0,0,25,0,0,3,0,0,5,3,5,4998,0,0,5,0,0,0,1,1,5,5,0,7,7876,8,0,86,100,200,1000,8592
2024-10-07 10:26:07,BATT014,8,6,11,13,10,19,0,0,0,0,0,0,0,0,0,0,1,65535,65535,65535,0,0,0,0,65533,0,0,0,146,0,401,0,538,0,71,0,1304,3975,4009,3962,0,0,25,0,0,3,0,0,5,3,5,4998,0,0,4,0,0,0,2,1,5,4,0,8,7874,8,0,86,100,200,1000,8592
2024-10-07 10:26:55,BATT014,8,6,11,13,10,19,0,0,0,0,0,0,0,0,0,0,1,1,0,2,0,0,0,0,3,0,0,0,146,0,401,0,538,0,71,0,1304,3975,4009,3962,0,0,25,0,0,3,0,0,5,3,5,4998,0,0,5,1,0,2,1,0,5,5,3,6,7875,8,0,86,100,200,1000,8592
2024-10-07 10:27:43,BATT014,8,8,11,13,13,19,0,0,0,0,0,0,0,0,0,0,1,65535,65535,65534,0,0,0,0,65532,0,0,0,146,0,401,0,538,0,71,0,1304,3975,4013,3962,0,0,25,0,0,3,0,0,5,3,5,4998,0,0,5,0,0,0,1,1,5,5,0,7,7875,8,0,86,100,200,1000,8592
2024-10-07 10:28:31,BATT014,11,8,11,19,13,19,0,0,0,0,0,0,0,0,0,0,1,65535,65535,65534,0,0,0,0,65532,0,0,0,146,0,401,0,538,0,71,0,1304,3975,4009,3962,0,0,25,0,0,3,0,0,5,3,5,4998,0,0,5,0,0,0,2,1,5,5,0,8,7876,8,0,86,100,200,1000,8592
2024-10-07 10:29:19,BATT014,11,8,11,19,13,19,0,0,0,0,0,0,0,0,0,0,1,65534,65535,65534,0,0,0,0,65531,0,0,0,146,0,401,0,538,0,71,0,1304,3975,4013,3962,0,0,25,0,0,3,0,0,5,3,5,4998,0,0,4,0,0,0,1,1,5,4,0,7,7873,8,0,86,100,200,1000,8592
2024-10-07 10:30:07,BATT014,11,8,11,19,13,19,0,0,0,0,0,0,0,0,0,0,1,65535,0,65534,0,0,0,0,65533,0,0,0,146,0,401,0,538,0,71,0,1304,3975,4009,3962,0,0,25,0,0,3,0,0,5,3,5,4998,0,0,5,0,0,0,1,0,5,5,0,6,7874,8,0,86,100,200,1000,8592
2024-10-07 10:30:55,BATT014,11,8,11,19,13,19,0,0,0,0,0,0,0,0,0,0,1,65535,65535,65533,0,0,0,0,65531,0,0,0,146,0,401,0,538,0,71,0,1304,3975,4009,3962,0,0,25,0,0,3,0,0,5,3,5,4998,0,0,4,0,0,0,2,1,5,4,0,8,7875,8,0,86,100,200,1000,8592
2024-10-07 10:31:43,BATT014,8,8,11,13,13,19,0,0,0,0,0,0,0,0,0,0,1,65535,65535,65534,0,0,0,0,65532,0,0,0,146,0,401,0,538,0,71,0,1304,3975,4013,3962,0,0,25,0,0,3,0,0,5,3,5,4996,0,0,5,0,0,0,1,1,5,5,0,7,7874,8,0,86,100,200,1000,8592
2024-10-07 10:32:31,BATT014,8,6,8,13,10,13,0,0,0,0,0,0,0,0,0,0,1,65535,65535,65534,0,0,0,0,65532,0,0,0,146,0,401,0,538,0,71,0,1304,3975,4009,3962,0,0,25,0,0,3,0,0,5,3,5,4998,0,0,5,0,0,0,2,1,6,5,0,9,7874,8,0,86,100,200,1000,8592
2024-10-07 10:33:20,BATT014,8,8,11,13,13,19,0,0,0,0,0,0,0,0,0,0,1,2,1,1,0,0,0,0,4,0,0,0,146,0,401,0,539,0,71,0,1304,3975,4013,3962,0,0,25,0,0,3,0,0,5,3,5,4998,0,0,5,2,1,1,2,1,5,5,4,8,7873,8,0,86,100,200,1000,8592
2024-10-07 10:34:08,BATT014,8,8,11,13,13,19,0,0,0,0,0,0,0,0,0,0,1,65535,65535,65534,0,0,0,0,65532,0,0,0,146,0,401,0,539,0,71,0,1304,3975,4009,3962,0,0,25,0,0,3,0,0,5,3,5,4998,0,0,5,0,0,0,1,1,5,5,0,7,7874,8,0,86,100,200,1000,8592
2024-10-07 10:34:56,BATT014,8,6,11,13,10,19,0,0,0,0,0,0,0,0,0,0,1,65535,65535,65534,0,0,0,0,65532,0,0,0,146,0,401,0,539,0,71,0,1304,3975,4009,3962,0,0,25,0,0,3,0,0,5,3,5,4998,0,0,5,0,0,0,1,1,5,5,0,7,7873,8,0,86,100,200,1000,8592
2024-10-07 10:35:44,BATT014,11,8,11,19,13,19,0,0,0,0,0,0,0,0,0,0,1,65535,65535,65534,0,0,0,0,65532,0,0,0,146,0,401,0,539,0,71,0,1304,3975,4009,3962,0,0,25,0,0,3,0,0,5,3,5,4996,0,0,4,0,0,0,1,1,5,4,0,7,7874,8,0,86,100,200,1000,8592
2024-10-07 10:36:32,BATT014,8,8,11,13,13,19,0,0,0,0,0,0,0,0,0,0,1,65535,65535,65534,0,0,0,0,65532,0,0,0,146,0,401,0,539,0,71,0,1304,3975,4009,3962,0,0,25,0,0,3,0,0,5,3,5,4998,0,0,5,0,0,0,2,1,5,5,0,8,7872,8,0,86,100,200,1000,8592
2024-10-07 10:37:20,BATT014,8,8,11,13,13,19,0,0,0,0,0,0,0,0,0,0,1,65535,65535,65533,0,0,0,0,65531,0,0,0,146,0,401,0,539,0,71,0,1304,3975,4013,3962,0,0,25,0,0,3,0,0,5,3,5,4998,0,0,4,0,0,0,1,1,5,4,0,7,7872,8,0,86,100,200,1000,8592
2024-10-07 10:38:08,BATT014,11,8,11,19,13,19,0,0,0,0,0,0,0,0,0,0,1,65535,65535,65534,0,0,0,0,65532,0,0,0,146,0,401,0,539,0,71,0,1304,3975,4013,3962,0,0,25,0,0,3,0,0,5,3,5,4998,0,0,4,0,0,0,1,1,5,4,0,7,7873,8,0,86,100,200,1000,8592
2024-10-07 10:38:56,BATT014,11,8,11,19,13,19,0,0,0,0,0,0,0,0,0,0,1,1,1,3,0,0,0,0,5,0,0,0,146,0,401,0,539,0,71,0,1304,3975,4009,3962,0,0,25,0,0,3,0,0,5,3,5,4998,0,0,5,1,1,3,2,1,6,5,5,9,7873,8,0,86,100,200,1000,8592
2024-10-07 10:39:44,BATT014,8,6,11,13,10,19,0,0,0,0,0,0,0,0,0,0,1,65535,65535,65534,0,0,0,0,65532,0,0,0,146,0,401,0,539,0,71,0,1304,3975,4009,3962,0,0,25,0,0,3,0,0,5,3,5,4998,0,0,5,0,0,0,1,1,5,5,0,7,7873,8,0,86,100,200,1000,8592
2024-10-07 10:40:32,BATT014,8,8,11,13,13,19,0,0,0,0,0,0,0,0,0,0,1,1,1,3,0,0,0,0,5,0,0,0,146,0,401,0,539,0,71,0,1304,3975,4013,3962,0,0,25,0,0,3,0,0,5,3,5,4998,0,0,5,1,1,3,2,1,5,5,5,8,7873,8,0,86,100,200,1000,8592
2024-10-07 10:41:20,BATT014,11,8,11,19,13,19,0,0,0,0,0,0,0,0,0,0,1,65535,65535,65534,0,0,0,0,65532,0,0,0,146,0,401,0,539,0,71,0,1304,3975,4009,3962,0,0,25,0,0,3,0,0,5,3,5,4998,0,0,5,0,0,0,1,1,5,5,0,7,7873,8,0,86,100,200,1000,8592
2024-10-07 10:42:09,BATT014,11,8,11,19,13,19,0,0,0,0,0,0,0,0,0,0,1,65535,65535,65533,0,0,0,0,65531,0,0,0,146,0,401,0,539,0,71,0,1304,3975,4013,3962,0,0,25,0,0,3,0,0,5,3,5,4998,0,0,4,0,0,0,1,1,6,4,0,8,7873,8,0,86,100,200,1000,8592
2024-10-07 10:42:57,BATT014,8,6,11,13,10,19,0,0,0,0,0,0,0,0,0,0,1,65535,65535,65534,0,0,0,0,65532,0,0,0,146,0,401,0,539,0,71,0,1304,3975,4013,3962,0,0,25,0,0,3,0,0,5,3,5,4998,0,0,5,0,0,0,1,1,6,5,0,8,7872,8,0,86,100,200,1000,8592
2024-10-07 10:43:45,BATT014,8,6,11,13,10,19,0,0,0,0,0,0,0,0,0,0,1,65535,65535,65534,0,0,0,0,65532,0,0,0,146,0,401,0,539,0,71,0,1304,3975,4013,3962,0,0,25,0,0,3,0,0,5,3,5,4996,0,0,4,0,0,0,2,1,5,4,0,8,7874,8,0,86,100,200,1000,8592
2024-10-07 10:44:33,BATT014,8,8,11,13,13,19,0,0,0,0,0,0,0,0,0,0,1,1,1,2,0,0,0,0,4,0,0,0,146,0,401,0,539,0,71,0,1304,3975,4013,3962,0,0,25,0,0,3,0,0,5,3,5,4998,0,0,4,1,1,2,1,1,5,4,4,7,7872,8,0,86,100,200,1000,8592
2024-10-07 10:45:21,BATT014,8,8,11,13,13,19,0,0,0,0,0,0,0,0,0,0,1,65535,65535,65533,0,0,0,0,65531,0,0,0,146,0,401,0,539,0,71,0,1304,3975,4013,3962,0,0,25,0,0,3,0,0,5,3,5,4998,0,0,4,0,0,0,1,1,5,4,0,7,7873,8,0,86,100,200,1000,8592
2024-10-07 10:46:09,BATT014,8,8,8,13,13,13,0,0,0,0,0,0,0,0,0,0,1,65535,65535,65533,0,0,0,0,65531,0,0,0,146,0,401,0,539,0,71,0,1304,3975,4009,3962,0,0,25,0,0,3,0,0,5,3,5,4998,0,0,4,0,0,0,1,1,5,4,0,7,7872,8,0,86,100,200,1000,8592
2024-10-07 10:46:57,BATT014,11,6,11,19,10,19,0,0,0,0,0,0,0,0,0,0,1,65535,65535,65534,0,0,0,0,65532,0,0,0,146,0,401,0,539,0,71,0,1304,3975,4013,3962,0,0,25,0,0,3,0,0,5,3,5,4998,0,0,5,0,0,0,1,1,6,5,0,8,7871,8,0,86,100,200,1000,8592
2024-10-07 10:47:45,BATT014,8,8,11,13,13,19,0,0,0,0,0,0,0,0,0,0,1,1,0,2,0,0,0,0,3,0,0,0,146,0,401,0,539,0,71,0,1304,3975,4009,3962,0,0,25,0,0,3,0,0,5,3,5,4998,0,0,5,1,0,2,1,0,5,5,3,6,7873,8,0,86,100,200,1000,8592
2024-10-07 10:48:33,BATT014,11,8,11,19,13,19,0,0,0,0,0,0,0,0,0,0,1,65535,65535,65534,0,0,0,0,65532,0,0,0,146,0,401,0,539,0,71,0,1304,3975,4013,3962,0,0,25,0,0,3,0,0,5,3,5,4998,0,0,5,0,0,0,1,1,5,5,0,7,7873,8,0,86,100,200,1000,8592
2024-10-07 10:49:21,BATT014,8,6,11,13,10,19,0,0,0,0,0,0,0,0,0,0,1,65535,65535,65534,0,0,0,0,65532,0,0,0,146,0,401,0,539,0,71,0,1304,3975,4009,3962,0,0,25,0,0,3,0,0,5,3,5,4998,0,0,5,0,0,0,1,1,5,5,0,7,7873,8,0,86,100,200,1000,8592
2024-10-07 10:50:09,BATT014,8,8,11,13,13,19,0,0,0,0,0,0,0,0,0,0,1,65535,65535,65534,0,0,0,0,65532,0,0,0,146,0,401,0,539,0,71,0,1304,3975,4009,3962,0,0,25,0,0,3,0,0,5,3,5,4998,0,0,4,0,0,0,1,1,5,4,0,7,7872,8,0,86,100,200,1000,8592
2024-10-07 10:50:57,BATT014,8,8,11,13,13,19,0,0,0,0,0,0,0,0,0,0,1,65535,65535,65534,0,0,0,0,65532,0,0,0,146,0,401,0,539,0,71,0,1304,3975,4009,3962,0,0,25,0,0,3,0,0,5,3,5,4998,0,0,5,0,0,0,1,1,5,5,0,7,7873,8,0,86,100,200,1000,8592
2024-10-07 10:51:45,BATT014,11,6,11,19,10,19,0,0,0,0,0,0,0,0,0,0,1,65535,65535,65534,0,0,0,0,65532,0,0,0,146,0,401,0,539,0,71,0,1304,3975,4013,3962,0,0,25,0,0,3,0,0,5,3,5,4998,0,0,5,0,0,0,2,1,5,5,0,8,7872,8,0,86,100,200,1000,8592
2024-10-07 10:52:33,BATT014,11,8,11,19,13,19,0,0,0,0,0,0,0,0,0,0,1,65535,65535,65534,0,0,0,0,65532,0,0,0,146,0,401,0,539,0,71,0,1304,3975,4009,3962,0,0,25,0,0,3,0,0,5,3,5,4998,0,0,4,0,0,0,2,1,5,4,0,8,7873,8,0,86,100,200,1000,8592
2024-10-07 10:53:22,BATT014,11,8,11,19,13,19,0,0,0,0,0,0,0,0,0,0,1,65535,65535,65533,0,0,0,0,65531,0,0,0,146,0,401,0,539,0,71,0,1304,3975,4013,3962,0,0,25,0,0,3,0,0,5,3,5,4998,0,0,5,0,0,0,2,1,6,5,0,9,7872,8,0,86,100,200,1000,8592
2024-10-07 10:54:10,BATT014,8,8,11,13,13,19,0,0,0,0,0,0,0,0,0,0,1,65534,65535,65533,0,0,0,0,65530,0,0,0,146,0,401,0,539,0,71,0,1304,3975,4009,3962,0,0,25,0,0,3,0,0,5,3,5,4998,0,0,4,0,0,0,2,1,5,4,0,8,7873,8,0,86,100,200,1000,8592
2024-10-07 10:54:58,BATT014,8,6,11,13,10,19,0,0,0,0,0,0,0,0,0,0,1,65535,65535,65534,0,0,0,0,65532,0,0,0,146,0,401,0,539,0,71,0,1304,3975,4013,3962,0,0,25,0,0,3,0,0,5,3,5,4998,0,0,5,0,0,0,2,1,5,5,0,8,7873,8,0,86,100,200,1000,8592
2024-10-07 10:55:46,BATT014,8,8,11,13,13,19,0,0,0,0,0,0,0,0,0,0,1,65535,65535,65534,0,0,0,0,65532,0,0,0,146,0,401,0,539,0,71,0,1304,3975,4013,3962,0,0,25,0,0,3,0,0,5,3,5,4998,0,0,5,0,0,0,2,1,5,5,0,8,7873,8,0,86,100,200,1000,8592
2024-10-07 10:56:34,BATT014,11,8,11,19,13,19,0,0,0,0,0,0,0,0,0,0,1,65534,65535,65535,0,0,0,0,65532,0,0,0,146,0,401,0,539,0,71,0,1304,3975,4013,3962,0,0,25,0,0,3,0,0,5,3,5,4998,0,0,4,0,0,0,2,1,5,4,0,8,7873,8,0,86,100,200,1000,8592
2024-10-07 10:57:22,BATT014,11,8,11,19,13,19,0,0,0,0,0,0,0,0,0,0,1,65535,65535,65533,0,0,0,0,65531,0,0,0,146,0,401,0,539,0,71,0,1304,3975,4009,3959,0,0,25,0,0,3,0,0,5,3,5,4998,0,0,5,0,0,0,2,1,6,5,0,9,7873,8,0,86,100,200,1000,8592
2024-10-07 10:58:10,BATT014,11,8,11,19,13,19,0,0,0,0,0,0,0,0,0,0,1,65534,0,65534,0,0,0,0,65532,0,0,0,146,0,401,0,539,0,71,0,1304,3975,4009,3962,0,0,25,0,0,3,0,0,5,3,5,4998,0,0,5,0,0,0,2,0,5,5,0,7,7873,8,0,86,100,200,1000,8592
2024-10-07 10:58:59,BATT014,8,8,11,13,13,19,0,0,0,0,0,0,0,0,0,0,1,65535,65535,65534,0,0,0,0,65532,0,0,0,146,0,401,0,539,0,71,0,1305,3975,4013,3962,0,0,25,0,0,3,0,0,5,3,5,4998,0,0,4,0,0,0,1,1,5,4,0,7,7871,8,0,86,100,200,1000,8592
2024-10-07 10:59:47,BATT014,8,8,11,13,13,19,0,0,0,0,0,0,0,0,0,0,1,1,1,2,0,0,0,0,4,0,0,0,146,0,401,0,539,0,71,0,1305,3975,4009,3962,0,0,25,0,0,3,0,0,5,3,5,4998,0,0,5,1,1,2,1,1,5,5,4,7,7871,8,0,86,100,200,1000,8592
2024-10-07 11:00:35,BATT014,8,6,11,13,10,19,0,0,0,0,0,0,0,0,0,0,1,65535,65535,65533,0,0,0,0,65531,0,0,0,146,0,401,0,539,0,71,0,1305,3975,4013,3962,0,0,25,0,0,3,0,0,5,3,5,4998,0,0,5,0,0,0,1,1,5,5,0,7,7871,8,0,86,100,200,1000,8592
2024-10-07 11:01:23,BATT014,8,6,11,13,10,19,0,0,0,0,0,0,0,0,0,0,1,65534,65535,65533,0,0,0,0,65530,0,0,0,146,0,401,0,539,0,71,0,1305,3975,4009,3962,0,0,25,0,0,3,0,0,5,3,5,4998,0,0,5,0,0,0,2,1,6,5,0,9,7871,8,0,86,100,200,1000,8592
2024-10-07 11:02:11,BATT014,11,8,11,19,13,19,0,0,0,0,0,0,0,0,0,0,1,65535,65535,65534,0,0,0,0,65532,0,0,0,146,0,401,0,539,0,71,0,1305,3975,4013,3962,0,0,25,0,0,3,0,0,5,3,5,4996,0,0,5,0,0,0,2,1,5,5,0,8,7870,8,0,86,100,200,1000,8592
2024-10-07 11:03:00,BATT014,11,6,11,19,10,19,0,0,0,0,0,0,0,0,0,0,1,65534,65535,65534,0,0,0,0,65531,0,0,0,146,0,401,0,539,0,71,0,1305,3975,4013,3962,0,0,25,0,0,3,0,0,5,3,5,4998,0,0,5,0,0,0,2,1,5,5,0,8,7871,8,0,86,100,200,1000,8592
2024-10-07 11:03:48,BATT014,11,8,11,19,13,19,0,0,0,0,0,0,0,0,0,0,1,1,1,2,0,0,0,0,4,0,0,0,146,0,401,0,539,0,71,0,1305,3975,4013,3962,0,0,25,0,0,3,0,0,5,3,5,4998,0,0,5,1,1,2,2,1,5,5,4,8,7870,8,0,86,100,200,1000,8592
2024-10-07 11:04:36,BATT014,8,8,11,13,13,19,0,0,0,0,0,0,0,0,0,0,1,65534,65535,65534,0,0,0,0,65531,0,0,0,146,0,401,0,539,0,71,0,1305,3975,4013,3962,0,0,25,0,0,3,0,0,5,3,5,4998,0,0,5,0,0,0,2,1,5,5,0,8,7870,8,0,86,100,200,1000,8592
2024-10-07 11:05:24,BATT014,8,8,11,13,13,19,0,0,0,0,0,0,0,0,0,0,1,65535,65535,65534,0,0,0,0,65532,0,0,0,146,0,401,0,539,0,71,0,1305,3975,4013,3962,0,0,25,0,0,3,0,0,5,3,5,4998,0,0,5,0,0,0,2,1,5,5,0,8,7870,8,0,86,100,200,1000,8592
2024-10-07 11:06:12,BATT014,8,8,11,13,13,19,0,0,0,0,0,0,0,0,0,0,1,65535,65535,65534,0,0,0,0,65532,0,0,0,146,0,401,0,539,0,71,0,1305,3975,4013,3962,0,0,25,0,0,3,0,0,5,3,5,4998,0,0,5,0,0,0,2,1,5,5,0,8,7868,8,0,86,100,200,1000,8592
2024-10-07 11:07:00,BATT014,8,8,11,13,13,19,0,0,0,0,0,0,0,0,0,0,1,65535,65535,65534,0,0,0,0,65532,0,0,0,146,0,401,0,539,0,71,0,1305,3975,4009,3962,0,0,25,0,0,3,0,0,5,3,5,4998,0,0,5,0,0,0,2,1,6,5,0,9,7870,8,0,86,100,200,1000,8592
2024-10-07 11:07:48,BATT014,8,6,11,13,10,19,0,0,0,0,0,0,0,0,0,0,1,2,1,3,0,0,0,0,6,0,0,0,146,0,401,0,539,0,71,0,1305,3975,4009,3962,0,0,25,0,0,3,0,0,5,3,5,4998,0,0,4,2,1,3,1,1,5,4,6,7,7870,8,0,86,100,200,1000,8592
2024-10-07 11:08:37,BATT014,8,8,11,13,13,19,0,0,0,0,0,0,0,0,0,0,1,65535,65535,65534,0,0,0,0,65532,0,0,0,146,0,401,0,539,0,71,0,1305,3975,4013,3962,0,0,25,0,0,3,0,0,5,3,5,4998,0,0,5,0,0,0,1,1,6,5,0,8,7870,8,0,86,100,200,1000,8592
2024-10-07 11:09:25,BATT014,11,8,11,19,13,19,0,0,0,0,0,0,0,0,0,0,1,65535,65535,65533,0,0,0,0,65531,0,0,0,146,0,401,0,539,0,71,0,1305,3975,4013,3962,0,0,25,0,0,3,0,0,5,3,5,4998,0,0,4,0,0,0,1,1,5,4,0,7,7869,8,0,86,100,200,1000,8592
2024-10-07 11:10:13,BATT014,8,6,11,13,10,19,0,0,0,0,0,0,0,0,0,0,1,65535,65535,65534,0,0,0,0,65532,0,0,0,146,0,401,0,539,0,71,0,1305,3975,4009,3962,0,0,25,0,0,3,0,0,5,3,5,4998,0,0,5,0,0,0,1,1,5,5,0,7,7869,8,0,86,100,200,1000,8592
2024-10-07 11:11:01,BATT014,8,6,11,13,10,19,0,0,0,0,0,0,0,0,0,0,1,65535,65535,65534,0,0,0,0,65532,0,0,0,146,0,401,0,539,0,71,0,1305,3975,4013,3962,0,0,25,0,0,3,0,0,5,3,5,4998,0,0,5,0,0,0,1,1,5,5,0,7,7868,8,0,86,100,200,1000,8592
2024-10-07 11:11:50,BATT014,11,8,11,19,13,19,0,0,0,0,0,0,0,0,0,0,1,65534,65535,65533,0,0,0,0,65530,0,0,0,146,0,401,0,539,0,71,0,1305,3975,4013,3962,0,0,25,0,0,3,0,0,5,3,5,4998,0,0,5,0,0,0,2,1,5,5,0,8,7869,8,0,86,100,200,1000,8592
2024-10-07 11:12:38,BATT014,8,8,11,13,13,19,0,0,0,0,0,0,0,0,0,0,1,65534,65535,65534,0,0,0,0,65531,0,0,0,146,0,401,0,539,0,71,0,1305,3975,4013,3962,0,0,25,0,0,3,0,0,5,3,5,4998,0,0,5,0,0,0,2,1,5,5,0,8,7869,8,0,86,100,200,1000,8592
2024-10-07 11:13:27,BATT014,11,6,11,19,10,19,0,0,0,0,0,0,0,0,0,0,1,65534,65535,65534,0,0,0,0,65531,0,0,0,146,0,401,0,539,0,71,0,1305,3971,4009,3962,0,0,25,0,0,3,0,0,5,3,5,4998,0,0,4,0,0,0,2,1,5,4,0,8,7869,8,0,86,100,200,1000,8592
2024-10-07 11:14:15,BATT014,8,8,11,13,13,19,0,0,0,0,0,0,0,0,0,0,1,65535,65535,65533,0,0,0,0,65531,0,0,0,146,0,401,0,539,0,71,0,1305,3975,4009,3962,0,0,25,0,0,3,0,0,5,3,5,4998,0,0,5,0,0,0,2,1,5,5,0,8,7869,8,0,86,100,200,1000,8592
2024-10-07 11:15:02,BATT014,8,8,11,13,13,19,0,0,0,0,0,0,0,0,0,0,1,65535,65535,65534,0,0,0,0,65532,0,0,0,146,0,401,0,539,0,71,0,1305,3975,4013,3962,0,0,25,0,0,3,0,0,5,3,5,4998,0,0,5,0,0,0,1,1,5,5,0,7,7869,8,0,86,100,200,1000,8592
2024-10-07 11:15:51,BATT014,8,8,11,13,13,19,0,0,0,0,0,0,0,0,0,0,1,65534,65535,65533,0,0,0,0,65530,0,0,0,146,0,401,0,539,0,71,0,1305,3975,4009,3959,0,0,25,0,0,3,0,0,5,3,5,4998,0,0,4,0,0,0,2,1,5,4,0,8,7870,8,0,86,100,200,1000,8592
2024-10-07 11:16:39,BATT014,8,8,11,13,13,19,0,0,0,0,0,0,0,0,0,0,1,65535,65535,65534,0,0,0,0,65532,0,0,0,146,0,401,0,539,0,71,0,1305,3975,4009,3962,0,0,25,0,0,3,0,0,5,3,5,4998,0,0,5,0,0,0,2,1,5,5,0,8,7869,8,0,86,100,200,1000,8592
2024-10-07 11:17:27,BATT014,8,6,11,13,10,19,0,0,0,0,0,0,0,0,0,0,1,65535,65535,65534,0,0,0,0,65532,0,0,0,146,0,401,0,539,0,71,0,1305,3975,4013,3962,0,0,25,0,0,3,0,0,5,3,5,4998,0,0,5,0,0,0,2,1,5,5,0,8,7869,8,0,86,100,200,1000,8592
2024-10-07 11:18:15,BATT014,8,6,11,13,10,19,0,0,0,0,0,0,0,0,0,0,1,65535,65535,65534,0,0,0,0,65532,0,0,0,146,0,401,0,539,0,71,0,1305,3975,4013,3962,0,0,25,0,0,3,0,0,5,3,5,4998,0,0,5,0,0,0,1,1,5,5,0,7,7868,8,0,86,100,200,1000,8592
2024-10-07 11:19:04,BATT014,8,6,11,13,10,19,0,0,0,0,0,0,0,0,0,0,1,65534,65535,65534,0,0,0,0,65531,0,0,0,146,0,401,0,539,0,71,0,1305,3975,4013,3962,0,0,25,0,0,3,0,0,5,3,5,4998,0,0,5,0,0,0,1,1,5,5,0,7,7869,8,0,86,100,200,1000,8592
2024-10-07 11:19:51,BATT014,11,8,11,19,13,19,0,0,0,0,0,0,0,0,0,0,1,65535,65535,65534,0,0,0,0,65532,0,0,0,146,0,401,0,539,0,71,0,1305,3975,4013,3962,0,0,25,0,0,3,0,0,5,3,5,4998,0,0,5,0,0,0,2,1,5,5,0,8,7869,8,0,86,100,200,1000,8592
2024-10-07 11:20:40,BATT014,8,8,11,13,13,19,0,0,0,0,0,0,0,0,0,0,1,1,1,2,0,0,0,0,4,0,0,0,146,0,401,0,539,0,71,0,1305,3975,4013,3962,0,0,25,0,0,3,0,0,5,3,5,4998,0,0,5,1,1,2,2,1,6,5,4,9,7868,8,0,86,100,200,1000,8592
2024-10-07 11:21:28,BATT014,8,8,11,13,13,19,0,0,0,0,0,0,0,0,0,0,1,65534,65535,65534,0,0,0,0,65531,0,0,0,146,0,401,0,539,0,71,0,1305,3975,4009,3959,0,0,25,0,0,3,0,0,5,3,5,4998,0,0,4,0,0,0,2,1,5,4,0,8,7869,8,0,86,100,200,1000,8592
2024-10-07 11:22:16,BATT014,8,6,11,13,10,19,0,0,0,0,0,0,0,0,0,0,1,65534,65535,65534,0,0,0,0,65531,0,0,0,146,0,401,0,539,0,71,0,1305,3975,4009,3959,0,0,25,0,0,3,0,0,5,3,5,4998,0,0,5,0,0,0,1,1,5,5,0,7,7869,8,0,86,100,200,1000,8592
2024-10-07 11:23:04,BATT014,8,8,11,13,13,19,0,0,0,0,0,0,0,0,0,0,1,65535,65535,65534,0,0,0,0,65532,0,0,0,146,0,401,0,539,0,71,0,1305,3975,4009,3962,0,0,25,0,0,3,0,0,5,3,5,4998,0,0,5,0,0,0,1,1,5,5,0,7,7869,8,0,86,100,200,1000,8592
2024-10-07 11:23:53,BATT014,8,8,11,13,13,19,0,0,0,0,0,0,0,0,0,0,1,65535,65535,65534,0,0,0,0,65532,0,0,0,146,0,401,0,539,0,71,0,1305,3975,4013,3962,0,0,25,0,0,3,0,0,5,3,5,4998,0,0,5,0,0,0,1,1,5,5,0,7,7868,8,0,86,100,200,1000,8592
2024-10-07 11:24:41,BATT014,8,8,11,13,13,19,0,0,0,0,0,0,0,0,0,0,1,65535,65535,65534,0,0,0,0,65532,0,0,0,146,0,401,0,539,0,71,0,1305,3975,4009,3962,0,0,25,0,0,3,0,0,5,3,5,4998,0,0,5,0,0,0,2,1,5,5,0,8,7868,8,0,86,100,200,1000,8592
2024-10-07 11:25:29,BATT014,11,8,11,19,13,19,0,0,0,0,0,0,0,0,0,0,1,65535,65535,65534,0,0,0,0,65532,0,0,0,146,0,401,0,539,0,71,0,1305,3975,4013,3962,0,0,25,0,0,3,0,0,5,3,5,4998,0,0,4,0,0,0,2,1,5,4,0,8,7867,8,0,86,100,200,1000,8592
2024-10-07 11:26:17,BATT014,11,8,11,19,13,19,0,0,0,0,0,0,0,0,0,0,1,65535,65535,65534,0,0,0,0,65532,0,0,0,146,0,401,0,539,0,71,0,1305,3975,4013,3962,0,0,25,0,0,3,0,0,5,3,5,4998,0,0,5,0,0,0,1,1,5,5,0,7,7868,8,0,86,100,200,1000,8592
2024-10-07 11:27:05,BATT014,11,8,11,19,13,19,0,0,0,0,0,0,0,0,0,0,1,65535,65535,65534,0,0,0,0,65532,0,0,0,146,0,401,0,539,0,71,0,1305,3971,4013,3962,0,0,25,0,0,3,0,0,5,3,5,4998,0,0,5,0,0,0,1,1,5,5,0,7,7867,8,0,86,100,200,1000,8592
2024-10-07 11:27:53,BATT014,11,8,11,19,13,19,0,0,0,0,0,0,0,0,0,0,1,65535,65535,65534,0,0,0,0,65532,0,0,0,146,0,401,0,539,0,71,0,1305,3975,4013,3962,0,0,25,0,0,3,0,0,5,3,5,4998,0,0,4,0,0,0,1,1,5,4,0,7,7866,8,0,86,100,200,1000,8592
2024-10-07 11:28:41,BATT014,8,8,11,13,13,19,0,0,0,0,0,0,0,0,0,0,1,65535,65535,65534,0,0,0,0,65532,0,0,0,146,0,401,0,539,0,71,0,1305,3975,4013,3962,0,0,25,0,0,3,0,0,5,3,5,4998,0,0,5,0,0,0,1,1,5,5,0,7,7868,8,0,86,100,200,1000,8592
2024-10-07 11:29:29,BATT014,8,6,11,13,10,19,0,0,0,0,0,0,0,0,0,0,1,65535,65535,65535,0,0,0,0,65533,0,0,0,146,0,401,0,539,0,71,0,1305,3975,4013,3962,0,0,25,0,0,3,0,0,5,3,5,4998,0,0,5,0,0,0,1,1,5,5,0,7,7865,8,0,86,100,200,1000,8592
2024-10-07 11:30:17,BATT014,11,8,11,19,13,19,0,0,0,0,0,0,0,0,0,0,1,65535,65535,65534,0,0,0,0,65532,0,0,0,146,0,401,0,539,0,71,0,1305,3975,4009,3962,0,0,25,0,0,3,0,0,5,3,5,4998,0,0,5,0,0,0,1,1,5,5,0,7,7867,8,0,86,100,200,1000,8592
2024-10-07 11:31:05,BATT014,8,8,11,13,13,19,0,0,0,0,0,0,0,0,0,0,1,65534,65535,65534,0,0,0,0,65531,0,0,0,146,0,401,0,539,0,71,0,1305,3975,4013,3962,0,0,25,0,0,3,0,0,5,3,5,4998,0,0,5,0,0,0,2,1,5,5,0,8,7865,8,0,86,100,200,1000,8592
2024-10-07 11:31:53,BATT014,8,8,11,13,13,19,0,0,0,0,0,0,0,0,0,0,1,65535,65535,65534,0,0,0,0,65532,0,0,0,146,0,401,0,539,0,71,0,1305,3975,4013,3962,0,0,25,0,0,3,0,0,5,3,5,4998,0,0,5,0,0,0,2,1,5,5,0,8,7866,8,0,86,100,200,1000,8592
2024-10-07 11:32:41,BATT014,11,8,11,19,13,19,0,0,0,0,0,0,0,0,0,0,1,65535,65535,65534,0,0,0,0,65532,0,0,0,146,0,401,0,539,0,71,0,1305,3975,4013,3962,0,0,25,0,0,3,0,0,5,3,5,4996,0,0,5,0,0,0,1,1,5,5,0,7,7866,8,0,86,100,200,1000,8592
2024-10-07 11:33:29,BATT014,11,8,11,19,13,19,0,0,0,0,0,0,0,0,0,0,1,65535,65535,65534,0,0,0,0,65532,0,0,0,146,0,401,0,539,0,71,0,1305,3975,4013,3962,0,0,25,0,0,3,0,0,5,3,5,4998,0,0,5,0,0,0,2,1,5,5,0,8,7866,8,0,86,100,200,1000,8592
2024-10-07 11:34:17,BATT014,8,8,11,13,13,19,0,0,0,0,0,0,0,0,0,0,1,65535,65535,65534,0,0,0,0,65532,0,0,0,146,0,401,0,539,0,71,0,1305,3975,4013,3962,0,0,25,0,0,3,0,0,5,3,5,4998,0,0,5,0,0,0,1,1,5,5,0,7,7866,8,0,86,100,200,1000,8592
2024-10-07 11:35:05,BATT014,11,8,11,19,13,19,0,0,0,0,0,0,0,0,0,0,1,1,1,2,0,0,0,0,4,0,0,0,146,0,401,0,539,0,71,0,1305,3975,4013,3962,0,0,25,0,0,3,0,0,5,3,5,4998,0,0,5,1,1,2,2,1,5,5,4,8,7866,8,0,86,100,200,1000,8592
2024-10-07 11:35:54,BATT014,8,8,11,13,13,19,0,0,0,0,0,0,0,0,0,0,1,65534,65535,65534,0,0,0,0,65531,0,0,0,146,0,401,0,539,0,71,0,1305,3975,4013,3962,0,0,25,0,0,3,0,0,5,3,5,4998,0,0,5,0,0,0,2,1,5,5,0,8,7866,8,0,86,100,200,1000,8592
2024-10-07 11:36:42,BATT014,11,8,11,19,13,19,0,0,0,0,0,0,0,0,0,0,1,2,1,3,0,0,0,0,6,0,0,0,146,0,401,0,539,0,71,0,1305,3975,4013,3962,0,0,25,0,0,3,0,0,5,3,5,4998,0,0,4,2,1,3,2,1,6,4,6,9,7867,8,0,86,100,200,1000,8592
2024-10-07 11:37:30,BATT014,8,8,11,13,13,19,0,0,0,0,0,0,0,0,0,0,1,65535,65535,65534,0,0,0,0,65532,0,0,0,146,0,401,0,539,0,71,0,1305,3975,4013,3962,0,0,25,0,0,3,0,0,5,3,5,4996,0,0,5,0,0,0,1,1,5,5,0,7,7866,8,0,86,100,200,1000,8592
2024-10-07 11:38:18,BATT014,11,8,11,19,13,19,0,0,0,0,0,0,0,0,0,0,1,65535,65535,65534,0,0,0,0,65532,0,0,0,146,0,401,0,539,0,71,0,1305,3975,4013,3962,0,0,25,0,0,3,0,0,5,3,5,4998,0,0,5,0,0,0,1,1,5,5,0,7,7865,8,0,86,100,200,1000,8592
2024-10-07 11:39:07,BATT014,11,8,11,19,13,19,0,0,0,0,0,0,0,0,0,0,1,65535,65535,65534,0,0,0,0,65532,0,0,0,146,0,401,0,539,0,71,0,1305,3975,4013,3962,0,0,25,0,0,3,0,0,5,3,5,4998,0,0,5,0,0,0,1,1,5,5,0,7,7865,8,0,86,100,200,1000,8592
2024-10-07 11:39:55,BATT014,8,8,11,13,13,19,0,0,0,0,0,0,0,0,0,0,1,65535,65535,65534,0,0,0,0,65532,0,0,0,146,0,401,0,539,0,71,0,1305,3975,4009,3962,0,0,25,0,0,3,0,0,5,3,5,4998,0,0,5,0,0,0,1,1,5,5,0,7,7867,8,0,86,100,200,1000,8592
2024-10-07 11:40:43,BATT014,8,8,11,13,13,19,0,0,0,0,0,0,0,0,0,0,1,65535,65535,65534,0,0,0,0,65532,0,0,0,146,0,401,0,539,0,71,0,1305,3975,4013,3959,0,0,25,0,0,3,0,0,5,3,5,4998,0,0,5,0,0,0,1,1,6,5,0,8,7865,8,0,86,100,200,1000,8592
2024-10-07 11:41:31,BATT014,8,8,11,13,13,19,0,0,0,0,0,0,0,0,0,0,1,1,1,2,0,0,0,0,4,0,0,0,146,0,401,0,539,0,71,0,1305,3975,4013,3962,0,0,25,0,0,3,0,0,5,3,5,4998,0,0,5,1,1,2,1,1,5,5,4,7,7865,8,0,86,100,200,1000,8592
2024-10-07 11:42:19,BATT014,11,8,11,19,13,19,0,0,0,0,0,0,0,0,0,0,1,65535,65535,65534,0,0,0,0,65532,0,0,0,146,0,401,0,539,0,71,0,1305,3975,4013,3962,0,0,25,0,0,3,0,0,5,3,5,4998,0,0,5,0,0,0,2,0,5,5,0,7,7865,8,0,86,100,200,1000,8592
2024-10-07 11:43:07,BATT014,8,8,11,13,13,19,0,0,0,0,0,0,0,0,0,0,1,65535,65535,65534,0,0,0,0,65532,0,0,0,146,0,401,0,539,0,71,0,1305,3975,4013,3962,0,0,25,0,0,3,0,0,5,3,5,4998,0,0,4,0,0,0,1,0,5,4,0,6,7865,8,0,86,100,200,1000,8592
2024-10-07 11:43:55,BATT014,11,8,11,19,13,19,0,0,0,0,0,0,0,0,0,0,1,65535,65535,65534,0,0,0,0,65532,0,0,0,146,0,401,0,539,0,71,0,1305,3975,4009,3959,0,0,25,0,0,3,0,0,5,3,5,4998,0,0,5,0,0,0,1,1,5,5,0,7,7866,8,0,86,100,200,1000,8592
2024-10-07 11:44:43,BATT014,8,8,11,13,13,19,0,0,0,0,0,0,0,0,0,0,1,65535,65535,65534,0,0,0,0,65532,0,0,0,146,0,401,0,539,0,71,0,1305,3975,4009,3959,0,0,25,0,0,3,0,0,5,3,5,4996,0,0,5,0,0,0,1,1,5,5,0,7,7866,8,0,86,100,200,1000,8592
2024-10-07 11:45:31,BATT014,11,8,11,19,13,19,0,0,0,0,0,0,0,0,0,0,1,65535,65535,65534,0,0,0,0,65532,0,0,0,146,0,401,0,539,0,71,0,1305,3975,4013,3962,0,0,25,0,0,3,0,0,5,3,5,4998,0,0,5,0,0,0,1,1,5,5,0,7,7866,8,0,86,100,200,1000,8592
2024-10-07 11:46:19,BATT014,8,8,11,13,13,19,0,0,0,0,0,0,0,0,0,0,1,65535,65535,65534,0,0,0,0,65532,0,0,0,146,0,401,0,539,0,71,0,1305,3975,4013,3959,0,0,25,0,0,3,0,0,5,3,5,4998,0,0,5,0,0,0,1,1,5,5,0,7,7864,8,0,86,100,200,1000,8592
2024-10-07 11:47:08,BATT014,11,8,11,19,13,19,0,0,0,0,0,0,0,0,0,0,1,1,1,2,0,0,0,0,4,0,0,0,146,0,401,0,539,0,71,0,1305,3975,4009,3962,0,0,25,0,0,3,0,0,5,3,5,4998,0,0,5,1,1,2,1,1,6,5,4,8,7864,8,0,86,100,200,1000,8592
2024-10-07 11:47:56,BATT014,8,8,11,13,13,19,0,0,0,0,0,0,0,0,0,0,1,1,1,1,0,0,0,0,3,0,0,0,146,0,401,0,539,0,71,0,1305,3975,4009,3962,0,0,25,0,0,3,0,0,5,3,5,4998,0,0,5,1,1,1,1,1,5,5,3,7,7865,8,0,86,100,200,1000,8592
2024-10-07 11:48:44,BATT014,11,8,11,19,13,19,0,0,0,0,0,0,0,0,0,0,1,1,1,2,0,0,0,0,4,0,0,0,146,0,401,0,539,0,71,0,1305,3975,4013,3962,0,0,25,0,0,3,0,0,5,3,5,4998,0,0,5,1,1,2,1,1,5,5,4,7,7866,8,0,86,100,200,1000,8592
2024-10-07 11:49:32,BATT014,8,8,11,13,13,19,0,0,0,0,0,0,0,0,0,0,1,65535,65535,65533,0,0,0,0,65531,0,0,0,146,0,401,0,539,0,71,0,1305,3975,4013,3962,0,0,25,0,0,3,0,0,5,3,5,4998,0,0,5,0,0,0,2,1,5,5,0,8,7865,8,0,86,100,200,1000,8592
2024-10-07 11:50:20,BATT014,8,8,11,13,13,19,0,0,0,0,0,0,0,0,0,0,1,1,1,1,0,0,0,0,3,0,0,0,146,0,401,0,539,0,71,0,1305,3975,4009,3962,0,0,25,0,0,3,0,0,5,3,5,4998,0,0,4,1,1,1,1,1,5,4,3,7,7866,8,0,86,100,200,1000,8592
2024-10-07 11:51:09,BATT014,8,8,11,13,13,19,0,0,0,0,0,0,0,0,0,0,1,65535,65535,65534,0,0,0,0,65532,0,0,0,146,0,401,0,539,0,71,0,1305,3975,4013,3959,0,0,25,0,0,3,0,0,5,3,5,4998,0,0,5,0,0,0,2,1,6,5,0,9,7864,8,0,86,100,200,1000,8592
2024-10-07 11:51:57,BATT014,8,8,11,13,13,19,0,0,0,0,0,0,0,0,0,0,1,65535,65535,65534,0,0,0,0,65532,0,0,0,146,0,401,0,539,0,71,0,1305,3975,4013,3962,0,0,25,0,0,3,0,0,5,3,5,4998,0,0,4,0,0,0,1,1,5,4,0,7,7864,8,0,86,100,200,1000,8592
2024-10-07 11:52:45,BATT014,11,8,11,19,13,19,0,0,0,0,0,0,0,0,0,0,1,65535,65535,65534,0,0,0,0,65532,0,0,0,146,0,401,0,539,0,71,0,1305,3975,4013,3962,0,0,25,0,0,3,0,0,5,3,5,4998,0,0,5,0,0,0,1,1,5,5,0,7,7863,8,0,86,100,200,1000,8592
2024-10-07 11:53:33,BATT014,11,8,11,19,13,19,0,0,0,0,0,0,0,0,0,0,1,65535,65535,65534,0,0,0,0,65532,0,0,0,146,0,401,0,539,0,71,0,1305,3975,4013,3962,0,0,25,0,0,3,0,0,5,3,5,4996,0,0,5,0,0,0,2,1,5,5,0,8,7865,8,0,86,100,200,1000,8592
2024-10-07 11:54:21,BATT014,8,8,11,13,13,19,0,0,0,0,0,0,0,0,0,0,1,1,1,2,0,0,0,0,4,0,0,0,146,0,401,0,539,0,71,0,1305,3975,4013,3962,0,0,25,0,0,3,0,0,5,3,5,4998,0,0,5,1,1,2,1,1,6,5,4,8,7863,8,0,86,100,200,1000,8592
2024-10-07 11:55:09,BATT014,8,8,11,13,13,19,0,0,0,0,0,0,0,0,0,0,1,65535,65535,65533,0,0,0,0,65531,0,0,0,146,0,401,0,539,0,71,0,1305,3975,4013,3962,0,0,25,0,0,3,0,0,5,3,5,4998,0,0,5,0,0,0,1,1,6,5,0,8,7862,8,0,86,100,200,1000,8592
2024-10-07 11:55:57,BATT014,11,8,11,19,13,19,0,0,0,0,0,0,0,0,0,0,1,65535,65535,65534,0,0,0,0,65532,0,0,0,146,0,401,0,539,0,71,0,1305,3975,4013,3962,0,0,25,0,0,3,0,0,5,3,5,4998,0,0,4,0,0,0,1,1,5,4,0,7,7862,8,0,86,100,200,1000,8592
2024-10-07 11:56:46,BATT014,8,6,11,13,10,19,0,0,0,0,0,0,0,0,0,0,1,65535,65535,65534,0,0,0,0,65532,0,0,0,146,0,401,0,539,0,71,0,1305,3975,4009,3959,0,0,25,0,0,3,0,0,5,3,5,4998,0,0,5,0,0,0,2,1,5,5,0,8,7863,8,0,86,100,200,1000,8592
2024-10-07 11:57:34,BATT014,8,8,11,13,13,19,0,0,0,0,0,0,0,0,0,0,1,65535,65535,65534,0,0,0,0,65532,0,0,0,146,0,401,0,539,0,71,0,1305,3975,4013,3959,0,0,25,0,0,3,0,0,5,3,5,4998,0,0,5,0,0,0,1,1,6,5,0,8,7863,8,0,86,100,200,1000,8592
2024-10-07 11:58:22,BATT014,8,8,11,13,13,19,0,0,0,0,0,0,0,0,0,0,1,1,0,3,0,0,0,0,4,0,0,0,146,0,401,0,539,0,71,0,1305,3975,4009,3962,0,0,25,0,0,3,0,0,5,3,5,4998,0,0,5,1,0,3,1,1,5,5,4,7,7864,8,0,86,100,200,1000,8592
2024-10-07 11:59:10,BATT014,11,8,11,19,13,19,0,0,0,0,0,0,0,0,0,0,1,65514,65512,65509,0,0,0,0,65463,0,39,0,146,0,401,0,539,0,71,0,1305,3959,4002,3956,110,117,135,13,13,17,25,27,30,43,82,4998,11,11,16,0,0,0,25,27,31,38,0,83,7837,56,390,86,100,200,1000,8592
2024-10-07 11:59:58,BATT014,8,8,11,13,13,19,0,0,0,0,0,0,0,0,0,0,1,65514,65512,65510,0,0,0,0,65464,0,39,0,146,0,401,0,539,0,71,0,1305,3959,4002,3959,110,117,135,11,11,17,25,27,30,39,82,4998,11,11,16,0,0,0,25,27,31,38,0,83,7825,57,390,86,100,200,1000,8592
2024-10-07 12:00:46,BATT014,8,8,11,13,13,19,0,0,0,0,0,0,0,0,0,0,1,65514,65513,65510,0,0,0,0,65465,0,39,0,146,0,401,0,539,0,71,0,1305,3959,3997,3956,110,117,135,13,13,17,25,27,30,43,82,4998,11,11,17,0,0,0,25,26,31,39,0,82,7820,57,390,86,100,200,1000,8592
2024-10-07 12:01:34,BATT014,8,8,11,13,13,19,0,0,0,0,0,0,0,0,0,0,1,65514,65512,65510,0,0,0,0,65464,0,39,0,146,0,401,0,539,0,71,0,1305,3959,3997,3959,110,117,135,13,13,17,25,27,30,43,82,4998,12,12,16,0,0,0,25,28,31,40,0,84,7817,57,390,83,100,200,1000,8592
2024-10-07 12:02:22,BATT014,8,6,11,13,10,19,0,0,0,0,0,0,0,0,0,0,1,65513,65511,65510,0,0,0,0,65462,0,39,0,146,0,401,0,539,0,71,0,1306,3959,3997,3956,110,117,135,13,13,17,25,27,30,43,82,4998,12,11,16,0,0,0,26,27,31,39,0,84,7814,57,390,80,100,200,1000,8592
2024-10-07 12:03:10,BATT014,8,8,11,13,13,19,0,0,0,0,0,0,0,0,0,0,1,65514,65512,65509,0,0,0,0,65463,0,39,0,146,0,402,0,539,0,71,0,1306,3959,3997,3959,110,116,135,13,13,17,25,27,30,43,82,4998,11,11,16,0,0,0,25,27,31,38,0,83,7814,57,390,79,100,200,1000,8592
2024-10-07 12:03:58,BATT014,8,8,11,13,13,19,0,0,0,0,0,0,0,0,0,0,1,65513,65512,65510,0,0,0,0,65463,0,39,0,146,0,402,0,539,0,71,0,1306,3959,4002,3956,110,117,135,13,13,17,25,27,30,43,82,4998,11,11,16,0,0,0,26,27,31,38,0,84,7812,57,390,79,100,200,1000,8592
2024-10-07 12:04:47,BATT014,11,8,11,19,13,19,0,0,0,0,0,0,0,0,0,0,1,65514,65512,65510,0,0,0,0,65464,0,39,0,146,0,402,0,539,0,71,0,1306,3959,3997,3956,110,117,135,13,11,17,25,27,30,41,82,4998,11,11,16,0,0,0,26,27,31,38,0,84,7811,57,390,79,100,200,1000,8592
2024-10-07 12:05:34,BATT014,8,8,11,13,13,19,0,0,0,0,0,0,0,0,0,0,1,65514,65512,65510,0,0,0,0,65464,0,39,0,146,0,402,0,540,0,71,0,1306,3959,3997,3956,110,117,135,13,13,17,25,27,30,43,82,4998,11,11,16,0,0,0,25,27,31,38,0,83,7810,57,390,79,100,200,1000,8592
2024-10-07 12:06:23,BATT014,11,8,11,19,13,19,0,0,0,0,0,0,0,0,0,0,1,65514,65512,65509,0,0,0,0,65463,0,39,0,146,0,402,0,540,0,71,0,1306,3959,3997,3956,110,117,135,13,11,17,25,27,30,41,82,4998,11,11,16,0,0,0,25,27,31,38,0,83,7809,57,390,79,100,200,1000,8592
2024-10-07 12:07:11,BATT014,11,8,11,19,13,19,0,0,0,0,0,0,0,0,0,0,1,65514,65512,65509,0,0,0,0,65463,0,39,0,146,0,402,0,540,0,71,0,1306,3959,4002,3956,110,117,135,13,11,17,25,27,30,41,82,4998,11,11,16,0,0,0,25,27,31,38,0,83,7810,57,390,79,100,200,1000,8592
2024-10-07 12:07:59,BATT014,8,8,11,13,13,19,0,0,0,0,0,0,0,0,0,0,1,65514,65512,65509,0,0,0,0,65463,0,39,0,146,0,402,0,540,0,71,0,1306,3959,3997,3956,110,117,135,13,13,17,25,27,30,43,82,4998,11,11,16,0,0,0,25,27,31,38,0,83,7809,57,390,79,100,200,1000,8592
2024-10-07 12:08:48,BATT014,8,8,11,13,13,19,0,0,0,0,0,0,0,0,0,0,1,65513,65511,65509,0,0,0,0,65461,0,54,0,146,0,402,0,540,0,71,0,1306,3959,3997,3959,126,127,151,17,17,21,29,29,34,55,92,4998,16,16,21,0,0,0,28,30,34,53,0,92,7801,76,540,79,100,200,1000,8592
2024-10-07 12:09:36,BATT014,11,8,11,19,13,19,0,0,0,0,0,0,0,0,0,0,1,65535,65535,65534,0,0,0,0,65532,0,0,0,146,0,402,0,540,0,71,0,1306,3971,4009,3959,0,0,25,0,0,3,0,0,5,3,5,4996,0,0,5,0,0,0,1,1,5,5,0,7,7833,8,0,79,100,800,1000,8592
2024-10-07 12:10:24,BATT014,11,8,11,19,13,19,0,0,0,0,0,0,0,0,0,0,1,65535,65535,65534,0,0,0,0,65532,0,0,0,146,0,402,0,540,0,71,0,1306,3975,4013,3962,0,0,25,0,0,3,0,0,5,3,5,4998,0,0,5,0,0,0,2,1,5,5,0,8,7837,8,0,79,100,800,1000,8592
2024-10-07 12:11:12,BATT014,11,8,11,19,13,19,0,0,0,0,0,0,0,0,0,0,1,65535,65535,0,0,0,0,0,65534,0,0,0,146,0,402,0,540,0,71,0,1306,3975,4009,3959,0,0,25,0,0,3,0,0,5,3,5,4998,0,0,5,0,0,0,1,1,5,5,0,7,7840,8,0,79,100,800,1000,8592
2024-10-07 12:12:01,BATT014,8,8,11,13,13,19,0,0,0,0,0,0,0,0,0,0,1,65534,65535,65534,0,0,0,0,65531,0,0,0,146,0,402,0,540,0,71,0,1306,3975,4013,3962,0,0,25,0,0,3,0,0,5,3,5,4998,0,0,5,0,0,0,2,1,5,5,0,8,7841,8,0,79,100,800,1000,8592
2024-10-07 12:12:49,BATT014,8,8,11,13,13,19,0,0,0,0,0,0,0,0,0,0,1,65535,65535,65534,0,0,0,0,65532,0,0,0,146,0,402,0,540,0,71,0,1306,3971,4013,3959,0,0,25,0,0,3,0,0,5,3,5,4998,0,0,5,0,0,0,1,1,5,5,0,7,7843,8,0,79,100,800,1000,8592
2024-10-07 12:13:37,BATT014,11,8,11,19,13,19,0,0,0,0,0,0,0,0,0,0,1,65535,65535,65534,0,0,0,0,65532,0,0,0,146,0,402,0,540,0,71,0,1306,3975,4013,3962,0,0,25,0,0,3,0,0,5,3,5,4998,0,0,5,0,0,0,1,1,6,5,0,8,7845,8,0,79,100,800,1000,8592
2024-10-07 12:14:25,BATT014,11,8,11,19,13,19,0,0,0,0,0,0,0,0,0,0,1,1,1,2,0,0,0,0,4,0,0,0,146,0,402,0,540,0,71,0,1306,3975,4013,3962,0,0,25,0,0,3,0,0,5,3,5,4996,0,0,4,1,1,2,2,1,5,4,4,8,7845,8,0,79,100,800,1000,8592
2024-10-07 12:15:14,BATT014,11,8,11,19,13,19,0,0,0,0,0,0,0,0,0,0,1,65535,65535,65533,0,0,0,0,65531,0,0,0,146,0,402,0,540,0,71,0,1306,3975,4009,3962,0,0,25,0,0,3,0,0,5,3,5,4998,0,0,5,0,0,0,2,1,6,5,0,9,7846,8,0,79,100,800,1000,8592
2024-10-07 12:16:02,BATT014,8,6,11,13,10,19,0,0,0,0,0,0,0,0,0,0,1,65535,65535,65534,0,0,0,0,65532,0,0,0,146,0,402,0,540,0,71,0,1306,3975,4013,3962,0,0,25,0,0,3,0,0,5,3,5,4996,0,0,5,0,0,0,2,1,5,5,0,8,7846,8,0,79,100,800,1000,8592
2024-10-07 12:16:50,BATT014,11,8,11,19,13,19,0,0,0,0,0,0,0,0,0,0,1,65535,65535,65534,0,0,0,0,65532,0,0,0,146,0,402,0,540,0,71,0,1306,3975,4013,3962,0,0,25,0,0,3,0,0,5,3,5,4998,0,0,5,0,0,0,1,1,6,5,0,8,7846,8,0,79,100,800,1000,8592
2024-10-07 12:17:38,BATT014,8,8,11,13,13,19,0,0,0,0,0,0,0,0,0,0,1,65514,65512,65509,0,0,0,0,65463,0,39,0,146,0,402,0,540,0,71,0,1306,3959,4002,3959,110,117,135,13,13,17,25,27,31,43,83,4998,11,11,16,0,0,0,25,27,31,38,0,83,7824,56,390,79,100,800,1000,8592
2024-10-07 12:18:26,BATT014,8,8,11,13,13,19,0,0,0,0,0,0,0,0,0,0,1,65513,65511,65510,0,0,0,0,65462,0,39,0,146,0,402,0,540,0,71,0,1306,3959,4002,3959,110,117,135,13,11,17,25,27,30,41,82,4998,11,11,16,0,0,0,26,27,31,38,0,84,7815,56,390,79,100,800,1000,8592
2024-10-07 12:19:14,BATT014,11,8,11,19,13,19,0,0,0,0,0,0,0,0,0,0,1,65514,65512,65510,0,0,0,0,65464,0,39,0,146,0,402,0,540,0,71,0,1307,3959,4002,3959,110,117,135,13,11,17,25,27,30,41,82,4998,11,11,16,0,0,0,25,27,31,38,0,83,7812,56,390,79,100,800,1000,8592
2024-10-07 12:20:03,BATT014,11,8,11,19,13,19,0,0,0,0,0,0,0,0,0,0,1,65514,65512,65510,0,0,0,0,65464,0,39,0,146,0,402,0,540,0,71,0,1307,3959,3997,3956,110,117,135,11,11,17,25,27,30,39,82,4998,11,11,16,0,0,0,25,27,31,38,0,83,7810,56,390,79,100,800,1000,8592
2024-10-07 12:20:51,BATT014,8,8,11,13,13,19,0,0,0,0,0,0,0,0,0,0,1,65514,65512,65509,0,0,0,0,65463,0,39,0,146,0,402,0,540,0,71,0,1307,3959,4002,3956,110,117,135,13,13,17,25,27,30,43,82,4998,11,11,16,0,0,0,25,27,32,38,0,84,7807,57,390,78,100,800,1000,8592
2024-10-07 12:21:39,BATT014,11,8,11,19,13,19,0,0,0,0,0,0,0,0,0,0,1,65514,65512,65510,0,0,0,0,65464,0,39,0,146,0,402,0,540,0,71,0,1307,3959,3997,3956,110,117,135,13,11,17,25,27,30,41,82,4998,11,11,16,0,0,0,25,27,31,38,0,83,7806,57,390,78,100,800,1000,8592
2024-10-07 12:22:27,BATT014,8,8,11,13,13,19,0,0,0,0,0,0,0,0,0,0,1,65514,65512,65510,0,0,0,0,65464,0,39,0,146,0,402,0,540,0,71,0,1307,3959,4002,3959,110,117,135,11,11,17,25,27,30,39,82,4998,11,11,16,0,0,0,25,27,31,38,0,83,7804,57,390,78,100,800,1000,8592
2024-10-07 12:23:15,BATT014,11,8,11,19,13,19,0,0,0,0,0,0,0,0,0,0,1,65513,65512,65510,0,0,0,0,65463,0,39,0,146,0,402,0,540,0,71,0,1307,3959,4002,3956,110,117,135,13,13,17,25,27,30,43,82,4998,11,11,16,0,0,0,26,27,31,38,0,84,7803,57,390,78,100,800,1000,8592
2024-10-07 12:24:04,BATT014,8,8,11,13,13,19,0,0,0,0,0,0,0,0,0,0,1,65514,65512,65510,0,0,0,0,65464,0,39,0,146,0,402,0,540,0,71,0,1307,3959,3997,3959,110,117,135,13,13,17,25,27,30,43,82,4998,11,11,16,0,0,0,25,27,31,38,0,83,7804,57,390,78,100,800,1000,8592
2024-10-07 12:24:52,BATT014,8,8,11,13,13,19,0,0,0,0,0,0,0,0,0,0,1,65514,65512,65510,0,0,0,0,65464,0,39,0,146,0,402,0,540,0,71,0,1307,3959,3997,3956,110,116,135,13,13,17,25,27,30,43,82,4998,11,11,15,0,0,0,25,27,30,37,0,82,7803,57,390,78,100,800,1000,8592
2024-10-07 12:25:40,BATT014,8,8,11,13,13,19,0,0,0,0,0,0,0,0,0,0,1,65514,65512,65509,0,0,0,0,65463,0,39,0,146,0,402,0,540,0,71,0,1307,3959,4002,3959,110,117,135,11,11,17,25,27,30,39,82,4998,11,11,17,0,0,0,25,27,32,39,0,84,7802,56,390,78,100,800,1000,8592
2024-10-07 12:26:28,BATT014,11,8,11,19,13,19,0,0,0,0,0,0,0,0,0,0,1,65514,65512,65509,0,0,0,0,65463,0,39,0,146,0,403,0,540,0,71,0,1307,3959,4002,3956,110,117,135,13,13,17,25,27,30,43,82,4998,11,12,17,0,0,0,25,27,31,40,0,83,7802,57,390,78,100,800,1000,8592
2024-10-07 12:27:16,BATT014,11,8,11,19,13,19,0,0,0,0,0,0,0,0,0,0,1,65514,65512,65509,0,0,0,0,65463,0,39,0,146,0,403,0,541,0,71,0,1307,3959,4002,3956,110,117,135,13,13,17,25,27,30,43,82,4998,11,11,16,0,0,0,25,27,31,38,0,83,7801,57,390,78,100,800,1000,8592
2024-10-07 12:28:05,BATT014,11,8,11,19,13,19,0,0,0,0,0,0,0,0,0,0,1,65514,65512,65510,0,0,0,0,65464,0,39,0,146,0,403,0,541,0,71,0,1308,3959,3997,3956,110,116,135,13,13,17,25,27,30,43,82,4998,11,11,16,0,0,0,25,27,31,38,0,83,7800,57,390,78,100,800,1000,8592
2024-10-07 12:28:53,BATT014,11,6,11,19,10,19,0,0,0,0,0,0,0,0,0,0,1,65514,65512,65510,0,0,0,0,65464,0,39,0,146,0,403,0,541,0,71,0,1308,3959,4002,3956,110,117,135,13,13,17,25,27,30,43,82,4998,11,11,15,0,0,0,25,27,31,37,0,83,7799,57,390,78,100,800,1000,8592
2024-10-07 12:29:41,BATT014,11,8,11,19,13,19,0,0,0,0,0,0,0,0,0,0,1,65514,65512,65509,0,0,0,0,65463,0,54,0,146,0,403,0,541,0,71,0,1308,3959,3997,3959,126,127,150,17,17,21,28,29,34,55,91,4998,16,16,20,0,0,0,28,30,34,52,0,92,7793,77,540,78,100,800,1000,8592
2024-10-07 12:30:30,BATT014,8,8,11,13,13,19,0,0,0,0,0,0,0,0,0,0,1,65535,65535,65534,0,0,0,0,65532,0,0,0,146,0,403,0,541,0,71,0,1308,3975,4013,3962,0,0,25,0,0,3,0,0,5,3,5,4998,0,0,5,0,0,0,1,1,5,5,0,7,7824,8,0,78,100,800,1000,8592
