Timestamp,Identifier,IP Address,Time Difference (seconds),Time Difference (hours) * (Total Load Active Power / 10),Grid Phase Voltage A,Grid Phase Voltage B,Grid Phase Voltage C,Grid Line Voltage AB,Grid Line Voltage BC,Grid Line Voltage CA,Grid Current A,Grid Current B,Grid Current C,Grid Active Power A,Grid Active Power B,Grid Active Power C,Grid Apparent Power A,Grid Apparent Power B,Grid Apparent Power C,Grid Frequency,Number Of Online Modules,Grid Reactive Power A,Grid Reactive Power B,Grid Reactive Power C,Grid Power Factor A,Grid Power Factor B,Grid Power Factor C,Total Active Power,Total Reactive Power,Total Apparent Power,Total DC power,Total DC Charge Energy (high bytes),Total DC Charge Energy (low bytes),Total DC Discharge Energy (high bytes),Total DC Discharge Energy (low bytes),Total AC Charge Energy (high bytes),Total AC Charge Energy (low bytes),Total AC Discharge Energy (high bytes),Total AC Discharge Energy (low bytes),Total Reactive Power Energy (high bytes),Total Reactive Power Energy (low bytes),Load Line Voltage AB,Load Line Voltage BC,Load Line Voltage AC,Load Current A,Load Current B,Load Current C,Load Active Power A,Load Active Power B,Load Active Power C,Load Apparent Power A,Load Apparent Power B,Load Apparent Power C,Total Load Active Power,Total Load Apparent Power,Output Frequency,PCS Active Power A,PCS Active Power B,PCS Active Power C,PCS Reactive Power A,PCS Reactive Power B,PCS Reactive Power C,PCS Apparent Power A,PCS Apparent Power B,PCS Apparent Power C,Total PCS Active Power,Total PCS Reactive Power,Total PCS Apparent Power,#1 DC Voltage,#1 DC Current,#1 DC Power,Battery #1 SOC,Battery #1 SOH,Max rechargeable current,Max dischargeable current,Max allowable charging voltage
2024-10-07 15:56:14,BATT014,192.168.91.232,,,8,8,11,13,13,19,0,0,0,0,0,0,0,0,0,0,1,65535,65535,65534,0,0,0,0,65532,0,0,0,146,0,403,0,543,0,71,0,1311,3975,4013,3962,0,0,25,0,0,3,0,0,5,3,5,4998,0,0,5,0,0,0,1,1,5,5,0,7,7807,8,0,69,100,800,1000,8592
2024-10-07 15:57:08,BATT014,192.168.91.232,54.0,0.0045,11,8,11,19,13,19,0,0,0,0,0,0,0,0,0,0,1,65535,65535,65534,0,0,0,0,65532,0,0,0,146,0,403,0,543,0,71,0,1311,3975,4013,3962,0,0,25,0,0,3,0,0,5,3,5,4998,0,0,5,0,0,0,1,1,5,5,0,7,7808,8,0,69,100,800,1000,8592
2024-10-07 15:58:02,BATT014,192.168.91.232,54.0,0.0045,11,8,11,19,13,19,0,0,0,0,0,0,0,0,0,0,1,65535,65535,65534,0,0,0,0,65532,0,0,0,146,0,403,0,543,0,71,0,1311,3975,4013,3962,0,0,25,0,0,3,0,0,5,3,5,4998,0,0,5,0,0,0,1,1,5,5,0,7,7808,8,0,69,100,800,1000,8592
2024-10-07 15:58:56,BATT014,192.168.91.232,54.0,0.0045,11,8,11,19,13,19,0,0,0,0,0,0,0,0,0,0,1,65535,65535,65534,0,0,0,0,65532,0,0,0,146,0,403,0,543,0,71,0,1311,3975,4013,3962,0,0,25,0,0,3,0,0,5,3,5,4998,0,0,5,0,0,0,1,1,6,5,0,8,7807,8,0,69,100,800,1000,8592
2024-10-07 15:59:50,BATT014,192.168.91.232,54.0,0.0045,11,8,11,19,13,19,0,0,0,0,0,0,0,0,0,0,1,65535,0,65534,0,0,0,0,65533,0,0,0,146,0,403,0,543,0,71,0,1311,3975,4013,3959,0,0,25,0,0,3,0,0,5,3,5,4998,0,0,5,0,0,0,1,0,5,5,0,6,7807,8,0,69,100,800,1000,8592
2024-10-07 16:00:44,BATT014,192.168.91.232,54.0,0.0045,8,8,11,13,13,19,0,0,0,0,0,0,0,0,0,0,1,1,1,2,0,0,0,0,4,0,0,0,146,0,403,0,543,0,71,0,1311,3975,4013,3962,0,0,25,0,0,3,0,0,5,3,5,4998,0,0,5,1,1,2,2,1,5,5,4,8,7806,8,0,69,100,800,1000,8592
2024-10-07 16:01:38,BATT014,192.168.91.232,54.0,0.0045,8,8,11,13,13,19,0,0,0,0,0,0,0,0,0,0,1,65535,65535,65534,0,0,0,0,65532,0,0,0,146,0,403,0,543,0,71,0,1311,3975,4013,3959,0,0,25,0,0,3,0,0,5,3,5,4998,0,0,5,0,0,0,1,1,5,5,0,7,7807,8,0,69,100,800,1000,8592
2024-10-07 16:02:32,BATT014,192.168.91.232,54.0,0.0045,8,8,11,13,13,19,0,0,0,0,0,0,0,0,0,0,1,65535,65535,65534,0,0,0,0,65532,0,0,0,146,0,403,0,543,0,71,0,1311,3975,4013,3962,0,0,25,0,0,3,0,0,5,3,5,4998,0,0,5,0,0,0,2,0,5,5,0,7,7807,8,0,69,100,800,1000,8592
2024-10-07 16:03:26,BATT014,192.168.91.232,54.0,0.0045,11,8,11,19,13,19,0,0,0,0,0,0,0,0,0,0,1,65535,65535,65534,0,0,0,0,65532,0,0,0,146,0,403,0,543,0,71,0,1311,3975,4013,3962,0,0,25,0,0,3,0,0,5,3,5,4998,0,0,5,0,0,0,2,1,5,5,0,8,7806,8,0,69,100,800,1000,8592
2024-10-07 16:04:20,BATT014,192.168.91.232,54.0,0.0045,8,8,11,13,13,19,0,0,0,0,0,0,0,0,0,0,1,65534,65535,65534,0,0,0,0,65531,0,0,0,146,0,403,0,543,0,71,0,1311,3975,4009,3959,0,0,25,0,0,3,0,0,5,3,5,4998,0,0,5,0,0,0,2,1,5,5,0,8,7808,8,0,69,100,800,1000,8592
2024-10-07 16:05:14,BATT014,192.168.91.232,54.0,0.0045,8,8,11,13,13,19,0,0,0,0,0,0,0,0,0,0,1,65535,65535,65534,0,0,0,0,65532,0,0,0,146,0,403,0,543,0,71,0,1311,3975,4013,3962,0,0,25,0,0,3,0,0,5,3,5,4998,0,0,5,0,0,0,2,1,5,5,0,8,7805,8,0,69,100,800,1000,8592
2024-10-07 16:06:08,BATT014,192.168.91.232,54.0,0.0045,11,8,11,19,13,19,0,0,0,0,0,0,0,0,0,0,1,65535,65535,65534,0,0,0,0,65532,0,0,0,146,0,403,0,543,0,71,0,1311,3975,4013,3962,0,0,25,0,0,3,0,0,5,3,5,4998,0,0,5,0,0,0,1,1,5,5,0,7,7805,8,0,69,100,800,1000,8592
2024-10-07 16:07:02,BATT014,192.168.91.232,54.0,0.0045,11,8,11,19,13,19,0,0,0,0,0,0,0,0,0,0,1,65535,65535,65534,0,0,0,0,65532,0,0,0,146,0,403,0,543,0,71,0,1311,3975,4013,3962,0,0,25,0,0,3,0,0,5,3,5,4998,0,0,5,0,0,0,1,1,5,5,0,7,7807,8,0,69,100,800,1000,8592
2024-10-07 16:07:56,BATT014,192.168.91.232,54.0,0.0045,11,8,11,19,13,19,0,0,0,0,0,0,0,0,0,0,1,65535,65535,65534,0,0,0,0,65532,0,0,0,146,0,403,0,543,0,71,0,1311,3975,4013,3959,0,0,25,0,0,3,0,0,5,3,5,4998,0,0,5,0,0,0,1,1,5,5,0,7,7805,8,0,69,100,800,1000,8592
2024-10-07 16:08:50,BATT014,192.168.91.232,54.0,0.0045,11,8,11,19,13,19,0,0,0,0,0,0,0,0,0,0,1,65535,65535,65534,0,0,0,0,65532,0,0,0,146,0,403,0,543,0,71,0,1311,3975,4013,3959,0,0,25,0,0,3,0,0,5,3,5,4998,0,0,5,0,0,0,2,1,5,5,0,8,7806,8,0,69,100,800,1000,8592
2024-10-07 16:09:44,BATT014,192.168.91.232,54.0,0.0045,8,8,11,13,13,19,0,0,0,0,0,0,0,0,0,0,1,65535,65535,65534,0,0,0,0,65532,0,0,0,146,0,403,0,543,0,71,0,1311,3975,4013,3959,0,0,25,0,0,3,0,0,5,3,5,4998,0,0,5,0,0,0,1,1,5,5,0,7,7806,8,0,69,100,800,1000,8592
2024-10-07 16:10:38,BATT014,192.168.91.232,54.0,0.0045,8,8,11,13,13,19,0,0,0,0,0,0,0,0,0,0,1,1,1,2,0,0,0,0,4,0,0,0,146,0,403,0,543,0,71,0,1311,3975,4013,3962,0,0,25,0,0,3,0,0,5,3,5,4998,0,0,5,1,1,2,1,1,6,5,4,8,7804,8,0,69,100,800,1000,8592
2024-10-07 16:11:32,BATT014,192.168.91.232,54.0,0.0045,8,8,11,13,13,19,0,0,0,0,0,0,0,0,0,0,1,65535,65535,65535,0,0,0,0,65533,0,0,0,146,0,403,0,543,0,71,0,1311,3975,4013,3962,0,0,25,0,0,3,0,0,5,3,5,4998,0,0,5,0,0,0,2,1,5,5,0,8,7806,8,0,69,100,800,1000,8592
2024-10-07 16:12:26,BATT014,192.168.91.232,54.0,0.0045,8,8,11,13,13,19,0,0,0,0,0,0,0,0,0,0,1,65535,65535,65534,0,0,0,0,65532,0,0,0,146,0,403,0,543,0,71,0,1311,3975,4013,3959,0,0,25,0,0,3,0,0,5,3,5,4998,0,0,5,0,0,0,1,1,5,5,0,7,7805,8,0,69,100,800,1000,8592
2024-10-07 16:13:20,BATT014,192.168.91.232,54.0,0.0045,8,8,11,13,13,19,0,0,0,0,0,0,0,0,0,0,1,65535,65535,65534,0,0,0,0,65532,0,0,0,146,0,403,0,543,0,71,0,1311,3975,4013,3962,0,0,25,0,0,3,0,0,5,3,5,4998,0,0,4,0,0,0,1,1,5,4,0,7,7806,8,0,69,100,800,1000,8592
2024-10-07 16:14:14,BATT014,192.168.91.232,54.0,0.0045,8,8,11,13,13,19,0,0,0,0,0,0,0,0,0,0,1,1,1,2,0,0,0,0,4,0,0,0,146,0,403,0,543,0,71,0,1311,3975,4013,3962,0,0,25,0,0,3,0,0,5,3,5,4998,0,0,5,1,1,2,2,1,6,5,4,9,7805,8,0,69,100,800,1000,8592
2024-10-07 16:15:08,BATT014,192.168.91.232,54.0,0.0045,8,8,11,13,13,19,0,0,0,0,0,0,0,0,0,0,1,65535,65535,65534,0,0,0,0,65532,0,0,0,146,0,403,0,543,0,71,0,1311,3975,4013,3959,0,0,25,0,0,3,0,0,5,3,5,4998,0,0,5,0,0,0,1,1,5,5,0,7,7804,8,0,69,100,800,1000,8592
2024-10-07 16:16:02,BATT014,192.168.91.232,54.0,0.0045,8,8,11,13,13,19,0,0,0,0,0,0,0,0,0,0,1,1,1,2,0,0,0,0,4,0,0,0,146,0,403,0,543,0,71,0,1311,3975,4013,3962,0,0,25,0,0,3,0,0,5,3,5,4998,0,0,5,1,1,2,1,1,5,5,4,7,7804,8,0,69,100,800,1000,8592
2024-10-07 16:16:56,BATT014,192.168.91.232,54.0,0.0045,8,6,11,13,10,19,0,0,0,0,0,0,0,0,0,0,1,1,1,3,0,0,0,0,5,0,0,0,146,0,403,0,543,0,71,0,1311,3975,4009,3959,0,0,25,0,0,3,0,0,5,3,5,4998,0,0,5,1,1,3,1,1,6,5,5,8,7804,8,0,69,100,800,1000,8592
2024-10-07 16:17:50,BATT014,192.168.91.232,54.0,0.0045,8,8,11,13,13,19,0,0,0,0,0,0,0,0,0,0,1,65535,65535,65534,0,0,0,0,65532,0,0,0,146,0,403,0,543,0,71,0,1311,3975,4013,3962,0,0,25,0,0,3,0,0,5,3,5,4998,0,0,5,0,0,0,1,1,5,5,0,7,7804,8,0,69,100,800,1000,8592
2024-10-07 16:18:44,BATT014,192.168.91.232,54.0,0.0045,11,6,11,19,10,19,0,0,0,0,0,0,0,0,0,0,1,65535,65535,65534,0,0,0,0,65532,0,0,0,146,0,403,0,543,0,71,0,1311,3975,4013,3959,0,0,25,0,0,3,0,0,5,3,5,4998,0,0,5,0,0,0,2,1,5,5,0,8,7803,8,0,69,100,800,1000,8592
2024-10-07 16:19:38,BATT014,192.168.91.232,54.0,0.0045,8,6,11,13,10,19,0,0,0,0,0,0,0,0,0,0,1,2,1,2,0,0,0,0,5,0,0,0,146,0,403,0,543,0,71,0,1311,3975,4013,3962,0,0,25,0,0,3,0,0,5,3,5,4998,0,0,5,2,1,2,2,1,5,5,5,8,7804,8,0,69,100,800,1000,8592
2024-10-07 16:20:32,BATT014,192.168.91.232,54.0,0.0045,8,8,11,13,13,19,0,0,0,0,0,0,0,0,0,0,1,65535,65535,65533,0,0,0,0,65531,0,0,0,146,0,403,0,543,0,71,0,1311,3975,4013,3962,0,0,25,0,0,3,0,0,5,3,5,4998,0,0,4,0,0,0,1,1,5,4,0,7,7803,8,0,69,100,800,1000,8592
2024-10-07 16:21:26,BATT014,192.168.91.232,54.0,0.0045,8,8,11,13,13,19,0,0,0,0,0,0,0,0,0,0,1,1,1,2,0,0,0,0,4,0,0,0,146,0,403,0,543,0,71,0,1311,3975,4013,3959,0,0,25,0,0,3,0,0,5,3,5,4998,0,0,5,1,1,2,1,1,5,5,4,7,7804,8,0,69,100,800,1000,8592
2024-10-07 16:22:20,BATT014,192.168.91.232,54.0,0.0045,8,8,11,13,13,19,0,0,0,0,0,0,0,0,0,0,1,65534,65535,65533,0,0,0,0,65530,0,0,0,146,0,403,0,543,0,71,0,1311,3975,4013,3962,0,0,25,0,0,3,0,0,5,3,5,4998,0,0,5,0,0,0,2,1,6,5,0,9,7803,8,0,69,100,800,1000,8592
2024-10-07 16:23:14,BATT014,192.168.91.232,54.0,0.0045,8,8,11,13,13,19,0,0,0,0,0,0,0,0,0,0,1,65535,65535,65534,0,0,0,0,65532,0,0,0,146,0,403,0,543,0,71,0,1311,3975,4013,3959,0,0,25,0,0,3,0,0,5,3,5,4998,0,0,4,0,0,0,2,1,5,4,0,8,7803,8,0,69,100,800,1000,8592
2024-10-07 16:24:09,BATT014,192.168.91.232,55.0,0.004583333333333333,8,8,11,13,13,19,0,0,0,0,0,0,0,0,0,0,1,65535,65535,65535,0,0,0,0,65533,0,0,0,146,0,403,0,543,0,71,0,1311,3975,4013,3962,0,0,25,0,0,3,0,0,5,3,5,4998,0,0,5,0,0,0,2,1,5,5,0,8,7803,8,0,69,100,800,1000,8592
2024-10-07 16:25:03,BATT014,192.168.91.232,54.0,0.0045,11,8,11,19,13,19,0,0,0,0,0,0,0,0,0,0,1,65535,65535,65534,0,0,0,0,65532,0,0,0,146,0,403,0,543,0,71,0,1311,3975,4013,3959,0,0,25,0,0,3,0,0,5,3,5,4998,0,0,5,0,0,0,2,1,5,5,0,8,7804,8,0,69,100,800,1000,8592
2024-10-07 16:25:57,BATT014,192.168.91.232,54.0,0.0045,11,8,11,19,13,19,0,0,0,0,0,0,0,0,0,0,1,1,1,2,0,0,0,0,4,0,0,0,146,0,403,0,543,0,71,0,1311,3975,4013,3959,0,0,25,0,0,3,0,0,5,3,5,4998,0,0,5,1,1,2,1,1,6,5,4,8,7803,8,0,69,100,800,1000,8592
2024-10-07 16:26:51,BATT014,192.168.91.232,54.0,0.0045,8,8,11,13,13,19,0,0,0,0,0,0,0,0,0,0,1,65535,65535,65534,0,0,0,0,65532,0,0,0,146,0,403,0,543,0,71,0,1311,3975,4009,3962,0,0,25,0,0,3,0,0,5,3,5,4998,0,0,5,0,0,0,1,1,5,5,0,7,7802,8,0,69,100,800,1000,8592
2024-10-07 16:27:45,BATT014,192.168.91.232,54.0,0.0045,8,6,11,13,10,19,0,0,0,0,0,0,0,0,0,0,1,65535,65535,65534,0,0,0,0,65532,0,0,0,146,0,403,0,543,0,71,0,1311,3975,4009,3959,0,0,25,0,0,3,0,0,5,3,5,4998,0,0,5,0,0,0,2,1,5,5,0,8,7803,8,0,69,100,800,1000,8592
2024-10-07 16:28:39,BATT014,192.168.91.232,54.0,0.0045,8,6,11,13,10,19,0,0,0,0,0,0,0,0,0,0,1,65535,65535,65534,0,0,0,0,65532,0,0,0,146,0,403,0,543,0,71,0,1311,3975,4013,3962,0,0,25,0,0,3,0,0,5,3,5,4998,0,0,4,0,0,0,2,1,5,4,0,8,7804,8,0,69,100,800,1000,8592
2024-10-07 16:29:33,BATT014,192.168.91.232,54.0,0.0045,8,6,11,13,10,19,0,0,0,0,0,0,0,0,0,0,1,1,1,0,0,0,0,0,2,0,0,0,146,0,403,0,543,0,71,0,1311,3975,4013,3959,0,0,25,0,0,3,0,0,5,3,5,4998,0,0,5,1,1,0,2,1,5,5,2,8,7804,8,0,69,100,800,1000,8592
2024-10-07 16:30:27,BATT014,192.168.91.232,54.0,0.0045,8,8,11,13,13,19,0,0,0,0,0,0,0,0,0,0,1,65535,65535,65533,0,0,0,0,65531,0,0,0,146,0,403,0,543,0,71,0,1311,3971,4013,3962,0,0,25,0,0,3,0,0,5,3,5,4998,0,0,5,0,0,0,1,1,6,5,0,8,7801,8,0,69,100,800,1000,8592
2024-10-07 16:31:22,BATT014,192.168.91.232,55.0,0.004583333333333333,8,8,11,13,13,19,0,0,0,0,0,0,0,0,0,0,1,2,1,2,0,0,0,0,5,0,0,0,146,0,403,0,543,0,71,0,1311,3975,4013,3959,0,0,25,0,0,3,0,0,5,3,5,4998,0,0,5,2,1,2,2,1,5,5,5,8,7803,8,0,69,100,800,1000,8592
2024-10-07 16:32:16,BATT014,192.168.91.232,54.0,0.0045,11,8,11,19,13,19,0,0,0,0,0,0,0,0,0,0,1,65534,65535,65534,0,0,0,0,65531,0,0,0,146,0,403,0,543,0,71,0,1311,3971,4013,3959,0,0,25,0,0,3,0,0,5,3,5,4998,0,0,5,0,0,0,1,1,5,5,0,7,7804,8,0,69,100,800,1000,8592
2024-10-07 16:33:10,BATT014,192.168.91.232,54.0,0.0045,11,8,11,19,13,19,0,0,0,0,0,0,0,0,0,0,1,65535,0,65534,0,0,0,0,65533,0,0,0,146,0,403,0,543,0,71,0,1311,3975,4013,3962,0,0,25,0,0,3,0,0,5,3,5,4998,0,0,5,0,0,0,1,1,5,5,0,7,7800,8,0,69,100,800,1000,8592
2024-10-07 16:34:04,BATT014,192.168.91.232,54.0,0.0045,8,8,11,13,13,19,0,0,0,0,0,0,0,0,0,0,1,65535,65535,65534,0,0,0,0,65532,0,0,0,146,0,403,0,543,0,71,0,1311,3975,4013,3962,0,0,25,0,0,3,0,0,5,3,5,4998,0,0,5,0,0,0,2,1,5,5,0,8,7801,8,0,69,100,800,1000,8592
2024-10-07 16:34:58,BATT014,192.168.91.232,54.0,0.0045,11,8,11,19,13,19,0,0,0,0,0,0,0,0,0,0,1,65535,65535,65534,0,0,0,0,65532,0,0,0,146,0,403,0,543,0,71,0,1311,3975,4013,3962,0,0,25,0,0,3,0,0,5,3,5,4998,0,0,5,0,0,0,1,1,5,5,0,7,7802,8,0,69,100,800,1000,8592
2024-10-07 16:35:53,BATT014,192.168.91.232,55.0,0.004583333333333333,11,8,11,19,13,19,0,0,0,0,0,0,0,0,0,0,1,65534,65535,65533,0,0,0,0,65530,0,0,0,146,0,403,0,543,0,71,0,1311,3975,4013,3962,0,0,25,0,0,3,0,0,5,3,5,4998,0,0,4,0,0,0,2,1,5,4,0,8,7801,8,0,69,100,800,1000,8592
2024-10-07 16:36:47,BATT014,192.168.91.232,54.0,0.0045,11,8,11,19,13,19,0,0,0,0,0,0,0,0,0,0,1,1,1,2,0,0,0,0,4,0,0,0,146,0,403,0,543,0,71,0,1311,3975,4013,3962,0,0,25,0,0,3,0,0,5,3,5,4998,0,0,5,1,1,2,2,1,5,5,4,8,7801,8,0,69,100,800,1000,8592
2024-10-07 16:37:41,BATT014,192.168.91.232,54.0,0.0045,8,8,11,13,13,19,0,0,0,0,0,0,0,0,0,0,1,65535,65535,65534,0,0,0,0,65532,0,0,0,146,0,403,0,543,0,71,0,1311,3975,4013,3962,0,0,25,0,0,3,0,0,5,3,5,4998,0,0,5,0,0,0,1,1,5,5,0,7,7800,8,0,69,100,800,1000,8592
2024-10-07 16:38:36,BATT014,192.168.91.232,55.0,0.004583333333333333,8,8,11,13,13,19,0,0,0,0,0,0,0,0,0,0,1,65535,65535,65534,0,0,0,0,65532,0,0,0,146,0,403,0,543,0,71,0,1311,3971,4013,3962,0,0,25,0,0,3,0,0,5,3,5,4998,0,0,5,0,0,0,1,1,5,5,0,7,7801,8,0,69,100,800,1000,8592
2024-10-07 16:39:30,BATT014,192.168.91.232,54.0,0.0045,8,8,11,13,13,19,0,0,0,0,0,0,0,0,0,0,1,65535,65535,65534,0,0,0,0,65532,0,0,0,146,0,403,0,543,0,71,0,1311,3975,4013,3962,0,0,25,0,0,3,0,0,5,3,5,4998,0,0,5,0,0,0,2,1,5,5,0,8,7801,8,0,69,100,800,1000,8592
2024-10-07 16:40:24,BATT014,192.168.91.232,54.0,0.0045,8,8,11,13,13,19,0,0,0,0,0,0,0,0,0,0,1,1,1,2,0,0,0,0,4,0,0,0,146,0,403,0,543,0,71,0,1311,3975,4013,3959,0,0,25,0,0,3,0,0,5,3,5,4998,0,0,5,1,1,2,1,1,5,5,4,7,7801,8,0,69,100,800,1000,8592
2024-10-07 16:41:18,BATT014,192.168.91.232,54.0,0.0045,11,8,11,19,13,19,0,0,0,0,0,0,0,0,0,0,1,65535,65535,65534,0,0,0,0,65532,0,0,0,146,0,403,0,543,0,71,0,1311,3975,4013,3962,0,0,25,0,0,3,0,0,5,3,5,4998,0,0,5,0,0,0,1,1,6,5,0,8,7799,8,0,69,100,800,1000,8592
2024-10-07 16:42:12,BATT014,192.168.91.232,54.0,0.0045,11,8,11,19,13,19,0,0,0,0,0,0,0,0,0,0,1,65535,65535,65534,0,0,0,0,65532,0,0,0,146,0,403,0,543,0,71,0,1311,3975,4013,3962,0,0,25,0,0,3,0,0,5,3,5,4998,0,0,5,0,0,0,1,1,5,5,0,7,7798,8,0,69,100,800,1000,8592
2024-10-07 16:43:06,BATT014,192.168.91.232,54.0,0.0045,11,8,11,19,13,19,0,0,0,0,0,0,0,0,0,0,1,65535,65535,65533,0,0,0,0,65531,0,0,0,146,0,403,0,543,0,71,0,1311,3975,4013,3962,0,0,25,0,0,3,0,0,5,3,5,4998,0,0,5,0,0,0,2,1,5,5,0,8,7798,8,0,69,100,800,1000,8592
2024-10-07 16:44:00,BATT014,192.168.91.232,54.0,0.0045,11,8,11,19,13,19,0,0,0,0,0,0,0,0,0,0,1,65535,65535,65534,0,0,0,0,65532,0,0,0,146,0,403,0,543,0,71,0,1311,3975,4013,3962,0,0,25,0,0,3,0,0,5,3,5,4996,0,0,5,0,0,0,2,1,5,5,0,8,7799,8,0,69,100,800,1000,8592
2024-10-07 16:44:54,BATT014,192.168.91.232,54.0,0.0045,8,8,11,13,13,19,0,0,0,0,0,0,0,0,0,0,1,65535,65535,65534,0,0,0,0,65532,0,0,0,146,0,403,0,543,0,71,0,1311,3975,4013,3962,0,0,25,0,0,3,0,0,5,3,5,4998,0,0,4,0,0,0,1,1,5,4,0,7,7799,8,0,69,100,800,1000,8592
2024-10-07 16:45:48,BATT014,192.168.91.232,54.0,0.0045,8,8,11,13,13,19,0,0,0,0,0,0,0,0,0,0,1,65535,0,65534,0,0,0,0,65533,0,0,0,146,0,403,0,543,0,71,0,1311,3975,4013,3962,0,0,25,0,0,3,0,0,5,3,5,4998,0,0,4,0,0,0,2,1,5,4,0,8,7799,8,0,69,100,800,1000,8592
2024-10-07 16:46:43,BATT014,192.168.91.232,55.0,0.004583333333333333,8,8,11,13,13,19,0,0,0,0,0,0,0,0,0,0,1,65534,65535,65534,0,0,0,0,65531,0,0,0,146,0,403,0,543,0,71,0,1311,3975,4013,3962,0,0,25,0,0,3,0,0,5,3,5,4998,0,0,5,0,0,0,1,1,5,5,0,7,7801,8,0,69,100,800,1000,8592
2024-10-07 16:47:37,BATT014,192.168.91.232,54.0,0.0045,8,8,11,13,13,19,0,0,0,0,0,0,0,0,0,0,1,65535,0,65534,0,0,0,0,65533,0,0,0,146,0,403,0,543,0,71,0,1311,3975,4009,3962,0,0,25,0,0,3,0,0,5,3,5,4998,0,0,5,0,0,0,1,0,6,5,0,7,7800,8,0,69,100,800,1000,8592
2024-10-07 16:48:31,BATT014,192.168.91.232,54.0,0.0045,8,8,11,13,13,19,0,0,0,0,0,0,0,0,0,0,1,65535,65535,65534,0,0,0,0,65532,0,0,0,146,0,403,0,543,0,71,0,1311,3975,4013,3962,0,0,25,0,0,3,0,0,5,3,5,4998,0,0,4,0,0,0,1,1,5,4,0,7,7800,8,0,69,100,800,1000,8592
2024-10-07 16:49:25,BATT014,192.168.91.232,54.0,0.0045,8,8,11,13,13,19,0,0,0,0,0,0,0,0,0,0,1,65535,65535,65534,0,0,0,0,65532,0,0,0,146,0,403,0,543,0,71,0,1311,3975,4013,3962,0,0,25,0,0,3,0,0,5,3,5,4998,0,0,4,0,0,0,2,1,5,4,0,8,7800,8,0,69,100,800,1000,8592
2024-10-07 16:50:20,BATT014,192.168.91.232,55.0,0.004583333333333333,8,8,11,13,13,19,0,0,0,0,0,0,0,0,0,0,1,1,1,2,0,0,0,0,4,0,0,0,146,0,403,0,543,0,71,0,1311,3975,4013,3962,0,0,25,0,0,3,0,0,5,3,5,4998,0,0,5,1,1,2,1,1,5,5,4,7,7798,8,0,69,100,800,1000,8592
2024-10-07 16:51:14,BATT014,192.168.91.232,54.0,0.0045,8,6,11,13,10,19,0,0,0,0,0,0,0,0,0,0,1,65535,65535,65534,0,0,0,0,65532,0,0,0,146,0,403,0,543,0,71,0,1311,3975,4013,3962,0,0,25,0,0,3,0,0,5,3,5,4998,0,0,5,0,0,0,1,1,5,5,0,7,7798,8,0,69,100,800,1000,8592
2024-10-07 16:52:08,BATT014,192.168.91.232,54.0,0.0045,8,8,11,13,13,19,0,0,0,0,0,0,0,0,0,0,1,1,0,0,0,0,0,0,1,0,0,0,146,0,403,0,543,0,71,0,1311,3975,4009,3959,0,0,25,0,0,3,0,0,5,3,5,4996,0,0,5,1,0,0,2,0,5,5,1,7,7799,8,0,69,100,800,1000,8592
2024-10-07 16:53:02,BATT014,192.168.91.232,54.0,0.0045,8,8,11,13,13,19,0,0,0,0,0,0,0,0,0,0,1,65535,0,65534,0,0,0,0,65533,0,0,0,146,0,403,0,543,0,71,0,1311,3975,4013,3962,0,0,25,0,0,3,0,0,5,3,5,4998,0,0,5,0,0,0,1,0,5,5,0,6,7799,8,0,69,100,800,1000,8592
2024-10-07 16:53:56,BATT014,192.168.91.232,54.0,0.0045,8,8,11,13,13,19,0,0,0,0,0,0,0,0,0,0,1,65535,65535,65534,0,0,0,0,65532,0,0,0,146,0,403,0,543,0,71,0,1311,3975,4013,3962,0,0,25,0,0,3,0,0,5,3,5,4998,0,0,4,0,0,0,1,1,5,4,0,7,7799,8,0,69,100,800,1000,8592
2024-10-07 16:54:50,BATT014,192.168.91.232,54.0,0.0045,8,8,11,13,13,19,0,0,0,0,0,0,0,0,0,0,1,65535,65535,65533,0,0,0,0,65531,0,0,0,146,0,403,0,543,0,71,0,1311,3975,4013,3962,0,0,25,0,0,3,0,0,5,3,5,4998,0,0,5,0,0,0,1,1,6,5,0,8,7798,8,0,69,100,800,1000,8592
2024-10-07 16:55:45,BATT014,192.168.91.232,55.0,0.004583333333333333,8,8,11,13,13,19,0,0,0,0,0,0,0,0,0,0,1,65535,65535,65533,0,0,0,0,65531,0,0,0,146,0,403,0,543,0,71,0,1311,3975,4013,3962,0,0,25,0,0,3,0,0,5,3,5,4998,0,0,4,0,0,0,1,1,5,4,0,7,7797,8,0,69,100,800,1000,8592
2024-10-07 16:56:39,BATT014,192.168.91.232,54.0,0.0045,11,8,11,19,13,19,0,0,0,0,0,0,0,0,0,0,1,1,1,2,0,0,0,0,4,0,0,0,146,0,403,0,543,0,71,0,1311,3975,4013,3962,0,0,25,0,0,3,0,0,5,3,5,4998,0,0,5,1,1,2,1,1,5,5,4,7,7797,8,0,69,100,800,1000,8592
2024-10-07 16:57:33,BATT014,192.168.91.232,54.0,0.0045,8,8,11,13,13,19,0,0,0,0,0,0,0,0,0,0,1,65535,65535,65534,0,0,0,0,65532,0,0,0,146,0,403,0,543,0,71,0,1311,3975,4013,3962,0,0,25,0,0,3,0,0,5,3,5,4998,0,0,5,0,0,0,1,1,5,5,0,7,7797,8,0,69,100,800,1000,8592
2024-10-07 16:58:27,BATT014,192.168.91.232,54.0,0.0045,8,8,11,13,13,19,0,0,0,0,0,0,0,0,0,0,1,1,1,2,0,0,0,0,4,0,0,0,146,0,403,0,543,0,71,0,1311,3975,4013,3959,0,0,25,0,0,3,0,0,5,3,5,4998,0,0,5,1,1,2,1,1,5,5,4,7,7798,8,0,69,100,800,1000,8592
2024-10-07 16:59:21,BATT014,192.168.91.232,54.0,0.0045,8,8,11,13,13,19,0,0,0,0,0,0,0,0,0,0,1,65535,65535,65534,0,0,0,0,65532,0,0,0,146,0,403,0,543,0,71,0,1311,3975,4013,3962,0,0,25,0,0,3,0,0,5,3,5,4998,0,0,4,0,0,0,1,1,5,4,0,7,7797,8,0,69,100,800,1000,8592
2024-10-07 17:00:15,BATT014,192.168.91.232,54.0,0.0045,11,8,11,19,13,19,0,0,0,0,0,0,0,0,0,0,1,1,1,2,0,0,0,0,4,0,0,0,146,0,403,0,543,0,71,0,1311,3975,4013,3962,0,0,25,0,0,3,0,0,5,3,5,4996,0,0,4,1,1,2,2,1,5,4,4,8,7798,8,0,69,100,800,1000,8592
2024-10-07 17:01:09,BATT014,192.168.91.232,54.0,0.0045,8,8,11,13,13,19,0,0,0,0,0,0,0,0,0,0,1,65535,65535,65534,0,0,0,0,65532,0,0,0,146,0,403,0,543,0,71,0,1311,3975,4009,3962,0,0,25,0,0,3,0,0,5,3,5,4998,0,0,4,0,0,0,1,1,5,4,0,7,7797,8,0,69,100,800,1000,8592
2024-10-07 17:02:03,BATT014,192.168.91.232,54.0,0.0045,8,8,11,13,13,19,0,0,0,0,0,0,0,0,0,0,1,65535,65535,65534,0,0,0,0,65532,0,0,0,146,0,403,0,543,0,71,0,1311,3975,4013,3962,0,0,25,0,0,3,0,0,5,3,5,4998,0,0,5,0,0,0,1,1,6,5,0,8,7796,8,0,69,100,800,1000,8592
2024-10-07 17:02:57,BATT014,192.168.91.232,54.0,0.0045,8,8,11,13,13,19,0,0,0,0,0,0,0,0,0,0,1,65535,65535,0,0,0,0,0,65534,0,0,0,146,0,403,0,543,0,71,0,1311,3975,4013,3962,0,0,25,0,0,3,0,0,5,3,5,4998,0,0,4,0,0,0,1,1,5,4,0,7,7796,8,0,69,100,800,1000,8592
2024-10-07 17:03:51,BATT014,192.168.91.232,54.0,0.0045,11,8,11,19,13,19,0,0,0,0,0,0,0,0,0,0,1,1,1,3,0,0,0,0,5,0,0,0,146,0,403,0,543,0,71,0,1311,3975,4009,3962,0,0,25,0,0,3,0,0,5,3,5,4998,0,0,4,1,1,3,2,1,5,4,5,8,7796,8,0,69,100,800,1000,8592
2024-10-07 17:04:45,BATT014,192.168.91.232,54.0,0.0045,8,8,11,13,13,19,0,0,0,0,0,0,0,0,0,0,1,65535,65535,65534,0,0,0,0,65532,0,0,0,146,0,403,0,543,0,71,0,1311,3975,4013,3962,0,0,25,0,0,3,0,0,5,3,5,4996,0,0,5,0,0,0,2,1,5,5,0,8,7797,8,0,69,100,800,1000,8592
2024-10-07 17:05:39,BATT014,192.168.91.232,54.0,0.0045,11,8,11,19,13,19,0,0,0,0,0,0,0,0,0,0,1,2,1,2,0,0,0,0,5,0,0,0,146,0,403,0,543,0,71,0,1311,3975,4013,3962,0,0,25,0,0,3,0,0,5,3,5,4998,0,0,5,2,1,2,2,1,6,5,5,9,7796,8,0,69,100,800,1000,8592
2024-10-07 17:06:33,BATT014,192.168.91.232,54.0,0.0045,8,8,11,13,13,19,0,0,0,0,0,0,0,0,0,0,1,65535,65535,65534,0,0,0,0,65532,0,0,0,146,0,403,0,543,0,71,0,1311,3975,4013,3962,0,0,25,0,0,3,0,0,5,3,5,4998,0,0,5,0,0,0,1,1,5,5,0,7,7796,8,0,69,100,800,1000,8592
2024-10-07 17:07:28,BATT014,192.168.91.232,55.0,0.004583333333333333,11,8,11,19,13,19,0,0,0,0,0,0,0,0,0,0,1,65535,65535,65534,0,0,0,0,65532,0,0,0,146,0,403,0,543,0,71,0,1311,3975,4013,3962,0,0,25,0,0,3,0,0,5,3,5,4998,0,0,4,0,0,0,1,1,5,4,0,7,7794,8,0,69,100,800,1000,8592
2024-10-07 17:08:22,BATT014,192.168.91.232,54.0,0.0045,11,8,11,19,13,19,0,0,0,0,0,0,0,0,0,0,1,65535,65535,65534,0,0,0,0,65532,0,0,0,146,0,403,0,543,0,71,0,1311,3975,4013,3962,0,0,25,0,0,3,0,0,5,3,5,4998,0,0,5,0,0,0,1,1,5,5,0,7,7795,8,0,69,100,800,1000,8592
2024-10-07 17:09:16,BATT014,192.168.91.232,54.0,0.0045,8,8,11,13,13,19,0,0,0,0,0,0,0,0,0,0,1,65535,65535,65534,0,0,0,0,65532,0,0,0,146,0,403,0,543,0,71,0,1311,3975,4013,3962,0,0,25,0,0,3,0,0,5,3,5,4996,0,0,5,0,0,0,1,0,5,5,0,6,7794,8,0,69,100,800,1000,8592
2024-10-07 17:10:10,BATT014,192.168.91.232,54.0,0.0045,8,8,11,13,13,19,0,0,0,0,0,0,0,0,0,0,1,65535,65535,65534,0,0,0,0,65532,0,0,0,146,0,403,0,543,0,71,0,1311,3975,4013,3962,0,0,25,0,0,3,0,0,5,3,5,4998,0,0,4,0,0,0,1,1,5,4,0,7,7794,8,0,69,100,800,1000,8592
2024-10-07 17:11:05,BATT014,192.168.91.232,55.0,0.004583333333333333,8,8,11,13,13,19,0,0,0,0,0,0,0,0,0,0,1,65535,65535,65535,0,0,0,0,65533,0,0,0,146,0,403,0,543,0,71,0,1311,3975,4013,3959,0,0,25,0,0,3,0,0,5,3,5,4998,0,0,5,0,0,0,1,1,5,5,0,7,7797,8,0,69,100,800,1000,8592
2024-10-07 17:11:59,BATT014,192.168.91.232,54.0,0.0045,11,8,11,19,13,19,0,0,0,0,0,0,0,0,0,0,1,1,1,2,0,0,0,0,4,0,0,0,146,0,403,0,543,0,71,0,1311,3975,4013,3962,0,0,25,0,0,3,0,0,5,3,5,4998,0,0,5,1,1,2,1,1,5,5,4,7,7796,8,0,69,100,800,1000,8592
2024-10-07 17:12:53,BATT014,192.168.91.232,54.0,0.0045,8,8,11,13,13,19,0,0,0,0,0,0,0,0,0,0,1,65535,65535,65534,0,0,0,0,65532,0,0,0,146,0,403,0,543,0,71,0,1311,3975,4013,3962,0,0,25,0,0,3,0,0,5,3,5,4998,0,0,4,0,0,0,2,1,5,4,0,8,7796,8,0,69,100,800,1000,8592
2024-10-07 17:13:47,BATT014,192.168.91.232,54.0,0.0045,8,8,11,13,13,19,0,0,0,0,0,0,0,0,0,0,1,65535,65535,65534,0,0,0,0,65532,0,0,0,146,0,403,0,543,0,71,0,1311,3975,4013,3962,0,0,25,0,0,3,0,0,5,3,5,4998,0,0,4,0,0,0,1,1,5,4,0,7,7795,8,0,69,100,800,1000,8592
2024-10-07 17:14:42,BATT014,192.168.91.232,55.0,0.004583333333333333,8,8,11,13,13,19,0,0,0,0,0,0,0,0,0,0,1,65535,65535,65534,0,0,0,0,65532,0,0,0,146,0,403,0,543,0,71,0,1311,3975,4013,3962,0,0,25,0,0,3,0,0,5,3,5,4998,0,0,5,0,0,0,1,1,5,5,0,7,7796,8,0,69,100,800,1000,8592
2024-10-07 17:15:36,BATT014,192.168.91.232,54.0,0.0045,8,8,11,13,13,19,0,0,0,0,0,0,0,0,0,0,1,65535,65535,65534,0,0,0,0,65532,0,0,0,146,0,403,0,543,0,71,0,1311,3975,4013,3962,0,0,25,0,0,3,0,0,5,3,5,4998,0,0,4,0,0,0,2,1,5,4,0,8,7794,8,0,69,100,800,1000,8592
2024-10-07 17:16:30,BATT014,192.168.91.232,54.0,0.0045,8,8,11,13,13,19,0,0,0,0,0,0,0,0,0,0,1,65535,65535,65534,0,0,0,0,65532,0,0,0,146,0,403,0,543,0,71,0,1311,3975,4013,3962,0,0,25,0,0,3,0,0,5,3,5,4998,0,0,5,0,0,0,1,1,5,5,0,7,7794,8,0,69,100,800,1000,8592
2024-10-07 17:17:24,BATT014,192.168.91.232,54.0,0.0045,11,8,11,19,13,19,0,0,0,0,0,0,0,0,0,0,1,65535,65535,65534,0,0,0,0,65532,0,0,0,146,0,403,0,543,0,71,0,1311,3975,4013,3962,0,0,25,0,0,3,0,0,5,3,5,4998,0,0,4,0,0,0,1,1,5,4,0,7,7794,8,0,69,100,800,1000,8592
2024-10-07 17:18:18,BATT014,192.168.91.232,54.0,0.0045,11,8,11,19,13,19,0,0,0,0,0,0,0,0,0,0,1,65535,65535,65533,0,0,0,0,65531,0,0,0,146,0,403,0,543,0,71,0,1311,3975,4013,3962,0,0,25,0,0,3,0,0,5,3,5,4998,0,0,4,0,0,0,1,1,5,4,0,7,7794,8,0,69,100,800,1000,8592
2024-10-07 17:19:13,BATT014,192.168.91.232,55.0,0.004583333333333333,8,8,11,13,13,19,0,0,0,0,0,0,0,0,0,0,1,1,1,2,0,0,0,0,4,0,0,0,146,0,403,0,543,0,71,0,1311,3975,4013,3962,0,0,25,0,0,3,0,0,5,3,5,4998,0,0,4,1,1,2,1,1,5,4,4,7,7795,8,0,69,100,800,1000,8592
2024-10-07 17:20:07,BATT014,192.168.91.232,54.0,0.0045,8,8,11,13,13,19,0,0,0,0,0,0,0,0,0,0,1,65535,65535,65534,0,0,0,0,65532,0,0,0,146,0,403,0,543,0,71,0,1311,3975,4013,3959,0,0,25,0,0,3,0,0,5,3,5,4998,0,0,5,0,0,0,1,0,5,5,0,6,7795,8,0,69,100,800,1000,8592
2024-10-07 17:21:02,BATT014,192.168.91.232,55.0,0.004583333333333333,8,8,11,13,13,19,0,0,0,0,0,0,0,0,0,0,1,65535,65535,65534,0,0,0,0,65532,0,0,0,146,0,403,0,543,0,71,0,1311,3975,4013,3962,0,0,25,0,0,3,0,0,5,3,5,4998,0,0,5,0,0,0,2,1,5,5,0,8,7793,8,0,69,100,800,1000,8592
2024-10-07 17:21:55,BATT014,192.168.91.232,53.0,0.004416666666666666,8,8,11,13,13,19,0,0,0,0,0,0,0,0,0,0,1,65534,65535,65534,0,0,0,0,65531,0,0,0,146,0,403,0,543,0,71,0,1311,3975,4013,3962,0,0,25,0,0,3,0,0,5,3,5,4996,0,0,5,0,0,0,2,1,5,5,0,8,7793,8,0,69,100,800,1000,8592
2024-10-07 17:22:50,BATT014,192.168.91.232,55.0,0.004583333333333333,8,8,11,13,13,19,0,0,0,0,0,0,0,0,0,0,1,65535,65535,65534,0,0,0,0,65532,0,0,0,146,0,403,0,543,0,71,0,1311,3975,4013,3962,0,0,25,0,0,3,0,0,5,3,5,4996,0,0,5,0,0,0,1,1,5,5,0,7,7793,8,0,69,100,800,1000,8592
2024-10-07 17:23:44,BATT014,192.168.91.232,54.0,0.0045,8,8,11,13,13,19,0,0,0,0,0,0,0,0,0,0,1,65535,65535,65534,0,0,0,0,65532,0,0,0,146,0,403,0,543,0,71,0,1311,3975,4013,3962,0,0,25,0,0,3,0,0,5,3,5,4998,0,0,5,0,0,0,1,1,5,5,0,7,7793,8,0,69,100,800,1000,8592
2024-10-07 17:24:38,BATT014,192.168.91.232,54.0,0.0045,8,8,11,13,13,19,0,0,0,0,0,0,0,0,0,0,1,65534,65535,65533,0,0,0,0,65530,0,0,0,146,0,403,0,543,0,71,0,1311,3975,4013,3962,0,0,25,0,0,3,0,0,5,3,5,4998,0,0,5,0,0,0,1,1,5,5,0,7,7792,8,0,69,100,800,1000,8592
2024-10-07 17:25:32,BATT014,192.168.91.232,54.0,0.0045,11,8,11,19,13,19,0,0,0,0,0,0,0,0,0,0,1,65535,65535,65534,0,0,0,0,65532,0,0,0,146,0,403,0,543,0,71,0,1311,3975,4013,3962,0,0,25,0,0,3,0,0,5,3,5,4996,0,0,4,0,0,0,1,1,5,4,0,7,7791,8,0,69,100,800,1000,8592
2024-10-07 17:26:26,BATT014,192.168.91.232,54.0,0.0045,11,8,11,19,13,19,0,0,0,0,0,0,0,0,0,0,1,65535,65535,65534,0,0,0,0,65532,0,0,0,146,0,403,0,543,0,71,0,1311,3975,4013,3962,0,0,25,0,0,3,0,0,5,3,5,4998,0,0,4,0,0,0,1,1,5,4,0,7,7791,8,0,69,100,800,1000,8592
2024-10-07 17:27:21,BATT014,192.168.91.232,55.0,0.004583333333333333,8,8,11,13,13,19,0,0,0,0,0,0,0,0,0,0,1,1,1,2,0,0,0,0,4,0,0,0,146,0,403,0,543,0,71,0,1311,3975,4013,3962,0,0,25,0,0,3,0,0,5,3,5,4998,0,0,5,1,1,2,1,1,5,5,4,7,7793,8,0,69,100,800,1000,8592
2024-10-07 17:28:15,BATT014,192.168.91.232,54.0,0.0045,11,8,11,19,13,19,0,0,0,0,0,0,0,0,0,0,1,65535,65535,65533,0,0,0,0,65531,0,0,0,146,0,403,0,543,0,71,0,1311,3975,4013,3962,0,0,25,0,0,3,0,0,5,3,5,4998,0,0,5,0,0,0,2,1,5,5,0,8,7793,8,0,69,100,800,1000,8592
2024-10-07 17:29:09,BATT014,192.168.91.232,54.0,0.0045,8,8,11,13,13,19,0,0,0,0,0,0,0,0,0,0,1,65535,65535,65534,0,0,0,0,65532,0,0,0,146,0,403,0,543,0,71,0,1311,3975,4013,3962,0,0,25,0,0,3,0,0,5,3,5,4998,0,0,4,0,0,0,2,1,5,4,0,8,7793,8,0,69,100,800,1000,8592
2024-10-07 17:30:03,BATT014,192.168.91.232,54.0,0.0045,11,8,11,19,13,19,0,0,0,0,0,0,0,0,0,0,1,65535,65535,65535,0,0,0,0,65533,0,0,0,146,0,403,0,543,0,71,0,1311,3975,4009,3962,0,0,25,0,0,3,0,0,5,3,5,4998,0,0,5,0,0,0,1,1,5,5,0,7,7793,8,0,69,100,800,1000,8592
2024-10-07 17:30:58,BATT014,192.168.91.232,55.0,0.004583333333333333,11,8,11,19,13,19,0,0,0,0,0,0,0,0,0,0,1,65535,65535,65534,0,0,0,0,65532,0,0,0,146,0,403,0,543,0,71,0,1311,3975,4013,3962,0,0,25,0,0,3,0,0,5,3,5,4998,0,0,4,0,0,0,1,1,5,4,0,7,7793,8,0,69,100,800,1000,8592
2024-10-07 17:31:52,BATT014,192.168.91.232,54.0,0.0045,11,8,11,19,13,19,0,0,0,0,0,0,0,0,0,0,1,65535,65535,65534,0,0,0,0,65532,0,0,0,146,0,403,0,543,0,71,0,1311,3975,4013,3962,0,0,25,0,0,3,0,0,5,3,5,4998,0,0,5,0,0,0,1,1,6,5,0,8,7793,8,0,69,100,800,1000,8592
2024-10-07 17:32:47,BATT014,192.168.91.232,55.0,0.004583333333333333,11,8,11,19,13,19,0,0,0,0,0,0,0,0,0,0,1,1,1,2,0,0,0,0,4,0,0,0,146,0,403,0,543,0,71,0,1312,3975,4013,3962,0,0,25,0,0,3,0,0,5,3,5,4998,0,0,5,1,1,2,2,1,6,5,4,9,7792,8,0,69,100,800,1000,8592
2024-10-07 17:33:41,BATT014,192.168.91.232,54.0,0.0045,11,8,11,19,13,19,0,0,0,0,0,0,0,0,0,0,1,65535,65535,65534,0,0,0,0,65532,0,0,0,146,0,403,0,543,0,71,0,1312,3975,4013,3962,0,0,25,0,0,3,0,0,5,3,5,4998,0,0,5,0,0,0,1,1,5,5,0,7,7793,8,0,69,100,800,1000,8592
2024-10-07 17:34:35,BATT014,192.168.91.232,54.0,0.0045,11,8,11,19,13,19,0,0,0,0,0,0,0,0,0,0,1,1,1,3,0,0,0,0,5,0,0,0,146,0,403,0,543,0,71,0,1312,3975,4013,3962,0,0,25,0,0,3,0,0,5,3,5,4998,0,0,4,1,1,3,2,1,5,4,5,8,7792,8,0,69,100,800,1000,8592
2024-10-07 17:35:29,BATT014,192.168.91.232,54.0,0.0045,8,8,11,13,13,19,0,0,0,0,0,0,0,0,0,0,1,65535,65535,65534,0,0,0,0,65532,0,0,0,146,0,403,0,543,0,71,0,1312,3975,4013,3962,0,0,25,0,0,3,0,0,5,3,5,4998,0,0,5,0,0,0,2,1,5,5,0,8,7791,8,0,69,100,800,1000,8592
2024-10-07 17:36:23,BATT014,192.168.91.232,54.0,0.0045,11,8,11,19,13,19,0,0,0,0,0,0,0,0,0,0,1,65535,65535,65534,0,0,0,0,65532,0,0,0,146,0,403,0,543,0,71,0,1312,3975,4013,3962,0,0,25,0,0,3,0,0,5,3,5,4998,0,0,4,0,0,0,1,1,5,4,0,7,7791,8,0,69,100,800,1000,8592
2024-10-07 17:37:18,BATT014,192.168.91.232,55.0,0.004583333333333333,8,8,11,13,13,19,0,0,0,0,0,0,0,0,0,0,1,65535,0,65534,0,0,0,0,65533,0,0,0,146,0,403,0,543,0,71,0,1312,3975,4013,3962,0,0,25,0,0,3,0,0,5,3,5,4998,0,0,5,0,0,0,1,1,5,5,0,7,7792,8,0,69,100,800,1000,8592
2024-10-07 17:38:12,BATT014,192.168.91.232,54.0,0.0045,8,8,11,13,13,19,0,0,0,0,0,0,0,0,0,0,1,65535,65535,65533,0,0,0,0,65531,0,0,0,146,0,403,0,543,0,71,0,1312,3975,4013,3962,0,0,25,0,0,3,0,0,5,3,5,4998,0,0,4,0,0,0,1,1,5,4,0,7,7791,8,0,69,100,800,1000,8592
2024-10-07 17:39:06,BATT014,192.168.91.232,54.0,0.0045,8,8,11,13,13,19,0,0,0,0,0,0,0,0,0,0,1,65535,65535,65534,0,0,0,0,65532,0,0,0,146,0,403,0,543,0,71,0,1312,3975,4013,3962,0,0,25,0,0,3,0,0,5,3,5,4998,0,0,4,0,0,0,1,1,5,4,0,7,7791,8,0,69,100,800,1000,8592
2024-10-07 17:40:00,BATT014,192.168.91.232,54.0,0.0045,8,8,11,13,13,19,0,0,0,0,0,0,0,0,0,0,1,65535,65535,65533,0,0,0,0,65531,0,0,0,146,0,403,0,543,0,71,0,1312,3975,4013,3962,0,0,25,0,0,3,0,0,5,3,5,4998,0,0,5,0,0,0,1,1,5,5,0,7,7790,8,0,69,100,800,1000,8592
2024-10-07 17:40:54,BATT014,192.168.91.232,54.0,0.0045,8,8,11,13,13,19,0,0,0,0,0,0,0,0,0,0,1,2,1,2,0,0,0,0,5,0,0,0,146,0,403,0,543,0,71,0,1312,3975,4013,3962,0,0,25,0,0,3,0,0,5,3,5,4996,0,0,5,2,1,2,2,1,5,5,5,8,7790,8,0,69,100,800,1000,8592
2024-10-07 17:41:48,BATT014,192.168.91.232,54.0,0.0045,8,8,11,13,13,19,0,0,0,0,0,0,0,0,0,0,1,65535,65535,65534,0,0,0,0,65532,0,0,0,146,0,403,0,543,0,71,0,1312,3975,4013,3962,0,0,25,0,0,3,0,0,5,3,5,4998,0,0,5,0,0,0,1,1,5,5,0,7,7790,8,0,69,100,800,1000,8592
2024-10-07 17:42:43,BATT014,192.168.91.232,55.0,0.004583333333333333,8,8,11,13,13,19,0,0,0,0,0,0,0,0,0,0,1,65535,65535,65533,0,0,0,0,65531,0,0,0,146,0,403,0,543,0,71,0,1312,3975,4013,3962,0,0,25,0,0,3,0,0,5,3,5,4998,0,0,4,0,0,0,2,1,5,4,0,8,7790,8,0,69,100,800,1000,8592
2024-10-07 17:43:37,BATT014,192.168.91.232,54.0,0.0045,8,8,11,13,13,19,0,0,0,0,0,0,0,0,0,0,1,65535,65535,65533,0,0,0,0,65531,0,0,0,146,0,403,0,543,0,71,0,1312,3975,4013,3962,0,0,25,0,0,3,0,0,5,3,5,4998,0,0,4,0,0,0,2,1,5,4,0,8,7790,8,0,69,100,800,1000,8592
2024-10-07 17:44:32,BATT014,192.168.91.232,55.0,0.004583333333333333,8,8,11,13,13,19,0,0,0,0,0,0,0,0,0,0,1,65535,65535,65534,0,0,0,0,65532,0,0,0,146,0,403,0,543,0,71,0,1312,3975,4013,3962,0,0,25,0,0,3,0,0,5,3,5,4998,0,0,4,0,0,0,1,1,5,4,0,7,7789,8,0,69,100,800,1000,8592
2024-10-07 17:45:26,BATT014,192.168.91.232,54.0,0.0045,8,6,11,13,10,19,0,0,0,0,0,0,0,0,0,0,1,65534,65535,65534,0,0,0,0,65531,0,0,0,146,0,403,0,543,0,71,0,1312,3975,4013,3962,0,0,25,0,0,3,0,0,5,3,5,4998,0,0,5,0,0,0,2,1,5,5,0,8,7789,8,0,69,100,800,1000,8592
2024-10-07 17:46:21,BATT014,192.168.91.232,55.0,0.004583333333333333,8,8,11,13,13,19,0,0,0,0,0,0,0,0,0,0,1,65535,65535,65534,0,0,0,0,65532,0,0,0,146,0,403,0,543,0,71,0,1312,3975,4013,3962,0,0,25,0,0,3,0,0,5,3,5,4998,0,0,4,0,0,0,2,1,5,4,0,8,7789,8,0,69,100,800,1000,8592
2024-10-07 17:47:15,BATT014,192.168.91.232,54.0,0.0045,8,8,11,13,13,19,0,0,0,0,0,0,0,0,0,0,1,65535,65535,65534,0,0,0,0,65532,0,0,0,146,0,403,0,543,0,71,0,1312,3975,4013,3962,0,0,25,0,0,3,0,0,5,3,5,4996,0,0,4,0,0,0,1,1,5,4,0,7,7789,8,0,69,100,800,1000,8592
2024-10-07 17:48:09,BATT014,192.168.91.232,54.0,0.0045,8,8,11,13,13,19,0,0,0,0,0,0,0,0,0,0,1,65535,65535,65533,0,0,0,0,65531,0,0,0,146,0,403,0,543,0,71,0,1312,3975,4013,3962,0,0,25,0,0,3,0,0,5,3,5,4998,0,0,5,0,0,0,1,1,6,5,0,8,7788,8,0,69,100,800,1000,8592
2024-10-07 17:49:03,BATT014,192.168.91.232,54.0,0.0045,8,8,11,13,13,19,0,0,0,0,0,0,0,0,0,0,1,65535,65535,65534,0,0,0,0,65532,0,0,0,146,0,403,0,543,0,71,0,1312,3975,4013,3962,0,0,25,0,0,3,0,0,5,3,5,4998,0,0,5,0,0,0,1,1,5,5,0,7,7789,8,0,69,100,800,1000,8592
2024-10-07 17:49:58,BATT014,192.168.91.232,55.0,0.004583333333333333,8,8,11,13,13,19,0,0,0,0,0,0,0,0,0,0,1,65535,65535,65534,0,0,0,0,65532,0,0,0,146,0,403,0,543,0,71,0,1312,3975,4009,3962,0,0,25,0,0,3,0,0,5,3,5,4998,0,0,5,0,0,0,1,1,5,5,0,7,7789,8,0,69,100,800,1000,8592
2024-10-07 17:50:52,BATT014,192.168.91.232,54.0,0.0045,8,6,11,13,10,19,0,0,0,0,0,0,0,0,0,0,1,65535,65535,65534,0,0,0,0,65532,0,0,0,146,0,403,0,543,0,71,0,1312,3975,4013,3959,0,0,25,0,0,3,0,0,5,3,5,4998,0,0,5,0,0,0,1,1,5,5,0,7,7789,8,0,69,100,800,1000,8592
2024-10-07 17:51:46,BATT014,192.168.91.232,54.0,0.0045,11,8,11,19,13,19,0,0,0,0,0,0,0,0,0,0,1,65535,65535,65534,0,0,0,0,65532,0,0,0,146,0,403,0,543,0,71,0,1312,3975,4013,3962,0,0,25,0,0,3,0,0,5,3,5,4998,0,0,4,0,0,0,1,1,5,4,0,7,7789,8,0,69,100,800,1000,8592
2024-10-07 17:52:41,BATT014,192.168.91.232,55.0,0.004583333333333333,8,8,11,13,13,19,0,0,0,0,0,0,0,0,0,0,1,65535,65535,65534,0,0,0,0,65532,0,0,0,146,0,403,0,543,0,71,0,1312,3975,4013,3962,0,0,25,0,0,3,0,0,5,3,5,4998,0,0,4,0,0,0,1,1,5,4,0,7,7789,8,0,69,100,800,1000,8592
2024-10-07 17:53:35,BATT014,192.168.91.232,54.0,0.0045,8,8,11,13,13,19,0,0,0,0,0,0,0,0,0,0,1,65535,65535,65534,0,0,0,0,65532,0,0,0,146,0,403,0,543,0,71,0,1312,3975,4009,3962,0,0,25,0,0,3,0,0,5,3,5,4998,0,0,4,0,0,0,1,1,5,4,0,7,7788,8,0,69,100,800,1000,8592
2024-10-07 17:54:29,BATT014,192.168.91.232,54.0,0.0045,11,8,11,19,13,19,0,0,0,0,0,0,0,0,0,0,1,65535,0,65533,0,0,0,0,65532,0,0,0,146,0,403,0,543,0,71,0,1312,3975,4009,3962,0,0,25,0,0,3,0,0,5,3,5,4996,0,0,4,0,0,0,2,0,5,4,0,7,7788,8,0,69,100,800,1000,8592
2024-10-07 17:55:23,BATT014,192.168.91.232,54.0,0.0045,8,8,11,13,13,19,0,0,0,0,0,0,0,0,0,0,1,65535,65535,65534,0,0,0,0,65532,0,0,0,146,0,403,0,543,0,71,0,1312,3975,4013,3962,0,0,25,0,0,3,0,0,5,3,5,4998,0,0,4,0,0,0,1,1,5,4,0,7,7788,8,0,69,100,800,1000,8592
2024-10-07 17:56:17,BATT014,192.168.91.232,54.0,0.0045,8,6,8,13,10,13,0,0,0,0,0,0,0,0,0,0,1,65535,65535,65534,0,0,0,0,65532,0,0,0,146,0,403,0,543,0,71,0,1312,3975,4009,3962,0,0,25,0,0,3,0,0,5,3,5,4998,0,0,5,0,0,0,2,1,5,5,0,8,7787,8,0,69,100,800,1000,8592
2024-10-07 17:57:11,BATT014,192.168.91.232,54.0,0.0045,11,8,11,19,13,19,0,0,0,0,0,0,0,0,0,0,1,65535,65535,65534,0,0,0,0,65532,0,0,0,146,0,403,0,543,0,71,0,1312,3975,4013,3962,0,0,25,0,0,3,0,0,5,3,5,4998,0,0,5,0,0,0,1,1,5,5,0,7,7787,8,0,69,100,800,1000,8592
2024-10-07 17:58:05,BATT014,192.168.91.232,54.0,0.0045,8,8,11,13,13,19,0,0,0,0,0,0,0,0,0,0,1,65535,65535,65534,0,0,0,0,65532,0,0,0,146,0,403,0,543,0,71,0,1312,3975,4009,3962,0,0,25,0,0,3,0,0,5,3,5,4996,0,0,4,0,0,0,1,1,5,4,0,7,7786,8,0,69,100,800,1000,8592
2024-10-07 17:59:00,BATT014,192.168.91.232,55.0,0.004583333333333333,8,8,11,13,13,19,0,0,0,0,0,0,0,0,0,0,1,65535,65535,65534,0,0,0,0,65532,0,0,0,146,0,403,0,543,0,71,0,1312,3975,4013,3962,0,0,25,0,0,3,0,0,5,3,5,4998,0,0,5,0,0,0,1,1,5,5,0,7,7786,8,0,69,100,800,1000,8592
2024-10-07 17:59:53,BATT014,192.168.91.232,53.0,0.004416666666666666,8,8,11,13,13,19,0,0,0,0,0,0,0,0,0,0,1,65535,65535,65534,0,0,0,0,65532,0,0,0,146,0,403,0,544,0,71,0,1312,3975,4013,3962,0,0,25,0,0,3,0,0,5,3,5,4998,0,0,4,0,0,0,2,1,5,4,0,8,7786,8,0,69,100,800,1000,8592
2024-10-07 18:00:48,BATT014,192.168.91.232,55.0,0.004583333333333333,8,8,11,13,13,19,0,0,0,0,0,0,0,0,0,0,1,65535,65535,65534,0,0,0,0,65532,0,0,0,146,0,403,0,544,0,71,0,1312,3975,4013,3962,0,0,25,0,0,3,0,0,5,3,5,4996,0,0,5,0,0,0,1,1,5,5,0,7,7786,8,0,69,100,800,1000,8592
2024-10-07 18:01:42,BATT014,192.168.91.232,54.0,0.0045,8,8,11,13,13,19,0,0,0,0,0,0,0,0,0,0,1,65535,65535,65534,0,0,0,0,65532,0,0,0,146,0,403,0,544,0,71,0,1312,3975,4013,3962,0,0,25,0,0,3,0,0,5,3,5,4998,0,0,4,0,0,0,1,1,5,4,0,7,7786,8,0,69,100,800,1000,8592
2024-10-07 18:02:37,BATT014,192.168.91.232,55.0,0.004583333333333333,8,6,11,13,10,19,0,0,0,0,0,0,0,0,0,0,1,1,1,2,0,0,0,0,4,0,0,0,146,0,403,0,544,0,71,0,1312,3975,4013,3962,0,0,25,0,0,3,0,0,5,3,5,4998,0,0,5,1,1,2,1,1,5,5,4,7,7786,8,0,69,100,800,1000,8592
2024-10-07 18:03:31,BATT014,192.168.91.232,54.0,0.0045,11,8,11,19,13,19,0,0,0,0,0,0,0,0,0,0,1,65535,65535,65534,0,0,0,0,65532,0,0,0,146,0,403,0,544,0,71,0,1312,3975,4013,3962,0,0,25,0,0,3,0,0,5,3,5,4998,0,0,4,0,0,0,1,1,5,4,0,7,7785,8,0,69,100,800,1000,8592
2024-10-07 18:04:25,BATT014,192.168.91.232,54.0,0.0045,8,8,11,13,13,19,0,0,0,0,0,0,0,0,0,0,1,65534,65535,65534,0,0,0,0,65531,0,0,0,146,0,403,0,544,0,71,0,1312,3975,4013,3962,0,0,25,0,0,3,0,0,5,3,5,4998,0,0,5,0,0,0,2,1,5,5,0,8,7785,8,0,69,100,800,1000,8592
2024-10-07 18:05:20,BATT014,192.168.91.232,55.0,0.004583333333333333,8,8,11,13,13,19,0,0,0,0,0,0,0,0,0,0,1,65535,65535,65534,0,0,0,0,65532,0,0,0,146,0,403,0,544,0,71,0,1312,3975,4013,3962,0,0,25,0,0,3,0,0,5,3,5,4998,0,0,5,0,0,0,1,1,5,5,0,7,7783,8,0,69,100,800,1000,8592
2024-10-07 18:06:14,BATT014,192.168.91.232,54.0,0.0045,11,8,11,19,13,19,0,0,0,0,0,0,0,0,0,0,1,65535,65535,65534,0,0,0,0,65532,0,0,0,146,0,403,0,544,0,71,0,1312,3975,4013,3962,0,0,25,0,0,3,0,0,5,3,5,4998,0,0,5,0,0,0,1,1,6,5,0,8,7783,8,0,69,100,800,1000,8592
2024-10-07 18:07:08,BATT014,192.168.91.232,54.0,0.0045,8,8,11,13,13,19,0,0,0,0,0,0,0,0,0,0,1,65535,65535,65534,0,0,0,0,65532,0,0,0,146,0,403,0,544,0,71,0,1312,3975,4013,3962,0,0,25,0,0,3,0,0,5,3,5,4998,0,0,4,0,0,0,1,0,5,4,0,6,7782,8,0,69,100,800,1000,8592
2024-10-07 18:08:03,BATT014,192.168.91.232,55.0,0.004583333333333333,8,8,11,13,13,19,0,0,0,0,0,0,0,0,0,0,1,65535,65535,65534,0,0,0,0,65532,0,0,0,146,0,403,0,544,0,71,0,1312,3975,4013,3962,0,0,25,0,0,3,0,0,5,3,5,4998,0,0,4,0,0,0,1,1,5,4,0,7,7782,8,0,69,100,800,1000,8592
2024-10-07 18:08:57,BATT014,192.168.91.232,54.0,0.0045,8,8,11,13,13,19,0,0,0,0,0,0,0,0,0,0,1,65535,65535,65534,0,0,0,0,65532,0,0,0,146,0,403,0,544,0,71,0,1312,3975,4013,3962,0,0,25,0,0,3,0,0,5,3,5,4998,0,0,4,0,0,0,1,1,5,4,0,7,7782,8,0,69,100,800,1000,8592
2024-10-07 18:09:51,BATT014,192.168.91.232,54.0,0.0045,8,8,11,13,13,19,0,0,0,0,0,0,0,0,0,0,1,65535,65535,65534,0,0,0,0,65532,0,0,0,146,0,403,0,544,0,71,0,1312,3975,4013,3962,0,0,25,0,0,3,0,0,5,3,5,4998,0,0,5,0,0,0,1,1,6,5,0,8,7781,9,0,69,100,800,1000,8592
2024-10-07 18:10:46,BATT014,192.168.91.232,55.0,0.004583333333333333,8,8,11,13,13,19,0,0,0,0,0,0,0,0,0,0,1,65535,65535,65534,0,0,0,0,65532,0,0,0,146,0,403,0,544,0,71,0,1312,3975,4013,3962,0,0,25,0,0,3,0,0,5,3,5,4998,0,0,5,0,0,0,1,1,5,5,0,7,7782,8,0,69,100,800,1000,8592
2024-10-07 18:11:40,BATT014,192.168.91.232,54.0,0.0045,8,6,11,13,10,19,0,0,0,0,0,0,0,0,0,0,1,65535,65535,65534,0,0,0,0,65532,0,0,0,146,0,403,0,544,0,71,0,1312,3975,4013,3962,0,0,25,0,0,3,0,0,5,3,5,4998,0,0,5,0,0,0,1,1,5,5,0,7,7781,8,0,69,100,800,1000,8592
2024-10-07 18:12:34,BATT014,192.168.91.232,54.0,0.0045,8,8,11,13,13,19,0,0,0,0,0,0,0,0,0,0,1,65535,65535,65534,0,0,0,0,65532,0,0,0,146,0,403,0,544,0,71,0,1312,3975,4013,3962,0,0,25,0,0,3,0,0,5,3,5,4998,0,0,5,0,0,0,2,0,5,5,0,7,7784,8,0,69,100,800,1000,8592
2024-10-07 18:13:29,BATT014,192.168.91.232,55.0,0.004583333333333333,8,8,11,13,13,19,0,0,0,0,0,0,0,0,0,0,1,65535,65535,65535,0,0,0,0,65533,0,0,0,146,0,403,0,544,0,71,0,1312,3975,4013,3959,0,0,25,0,0,3,0,0,5,3,5,4998,0,0,5,0,0,0,1,1,5,5,0,7,7783,8,0,69,100,800,1000,8592
2024-10-07 18:14:23,BATT014,192.168.91.232,54.0,0.0045,11,8,11,19,13,19,0,0,0,0,0,0,0,0,0,0,1,65535,65535,65534,0,0,0,0,65532,0,0,0,146,0,403,0,544,0,71,0,1312,3975,4013,3962,0,0,25,0,0,3,0,0,5,3,5,4998,0,0,4,0,0,0,1,1,5,4,0,7,7782,8,0,69,100,800,1000,8592
2024-10-07 18:15:17,BATT014,192.168.91.232,54.0,0.0045,8,8,11,13,13,19,0,0,0,0,0,0,0,0,0,0,1,1,1,2,0,0,0,0,4,0,0,0,146,0,403,0,544,0,71,0,1312,3975,4013,3962,0,0,25,0,0,3,0,0,5,3,5,4998,0,0,4,1,1,2,1,1,5,4,4,7,7781,8,0,69,100,800,1000,8592
2024-10-07 18:16:11,BATT014,192.168.91.232,54.0,0.0045,8,8,11,13,13,19,0,0,0,0,0,0,0,0,0,0,1,65535,65535,65534,0,0,0,0,65532,0,0,0,146,0,403,0,544,0,71,0,1312,3975,4013,3962,0,0,25,0,0,3,0,0,5,3,5,4998,0,0,4,0,0,0,2,1,5,4,0,8,7782,8,0,69,100,800,1000,8592
2024-10-07 18:17:06,BATT014,192.168.91.232,55.0,0.004583333333333333,8,8,11,13,13,19,0,0,0,0,0,0,0,0,0,0,1,65535,65535,65535,0,0,0,0,65533,0,0,0,146,0,403,0,544,0,71,0,1312,3975,4013,3962,0,0,25,0,0,3,0,0,5,3,5,4998,0,0,5,0,0,0,1,1,5,5,0,7,7782,8,0,69,100,800,1000,8592
2024-10-07 18:18:00,BATT014,192.168.91.232,54.0,0.0045,8,8,11,13,13,19,0,0,0,0,0,0,0,0,0,0,1,1,1,2,0,0,0,0,4,0,0,0,146,0,403,0,544,0,71,0,1312,3975,4013,3962,0,0,25,0,0,3,0,0,5,3,5,4998,0,0,4,1,1,2,1,1,5,4,4,7,7781,8,0,69,100,800,1000,8592
2024-10-07 18:18:55,BATT014,192.168.91.232,55.0,0.004583333333333333,8,8,11,13,13,19,0,0,0,0,0,0,0,0,0,0,1,65534,65535,65534,0,0,0,0,65531,0,0,0,146,0,403,0,544,0,71,0,1312,3975,4013,3962,0,0,25,0,0,3,0,0,5,3,5,4996,0,0,4,0,0,0,1,1,5,4,0,7,7780,8,0,69,100,800,1000,8592
2024-10-07 18:19:49,BATT014,192.168.91.232,54.0,0.0045,8,8,11,13,13,19,0,0,0,0,0,0,0,0,0,0,1,65535,0,65534,0,0,0,0,65533,0,0,0,146,0,403,0,544,0,71,0,1312,3975,4009,3962,0,0,25,0,0,3,0,0,5,3,5,4998,0,0,5,0,0,0,2,1,5,5,0,8,7781,8,0,69,100,800,1000,8592
2024-10-07 18:20:43,BATT014,192.168.91.232,54.0,0.0045,8,8,8,13,13,13,0,0,0,0,0,0,0,0,0,0,1,65535,65535,65534,0,0,0,0,65532,0,0,0,146,0,403,0,544,0,71,0,1312,3975,4013,3962,0,0,25,0,0,3,0,0,5,3,5,4998,0,0,5,0,0,0,1,1,5,5,0,7,7782,8,0,69,100,800,1000,8592
2024-10-07 18:21:37,BATT014,192.168.91.232,54.0,0.0045,8,8,11,13,13,19,0,0,0,0,0,0,0,0,0,0,1,65535,65535,65534,0,0,0,0,65532,0,0,0,146,0,403,0,544,0,71,0,1312,3975,4013,3962,0,0,25,0,0,3,0,0,5,3,5,4998,0,0,5,0,0,0,1,1,5,5,0,7,7781,8,0,69,100,800,1000,8592
2024-10-07 18:22:32,BATT014,192.168.91.232,55.0,0.004583333333333333,8,6,8,13,10,13,0,0,0,0,0,0,0,0,0,0,1,65535,65535,65534,0,0,0,0,65532,0,0,0,146,0,403,0,544,0,71,0,1312,3975,4013,3962,0,0,25,0,0,3,0,0,5,3,5,4998,0,0,5,0,0,0,1,1,5,5,0,7,7781,8,0,69,100,800,1000,8592
2024-10-07 18:23:26,BATT014,192.168.91.232,54.0,0.0045,8,6,8,13,10,13,0,0,0,0,0,0,0,0,0,0,1,1,0,2,0,0,0,0,3,0,0,0,146,0,403,0,544,0,71,0,1312,3975,4013,3962,0,0,25,0,0,3,0,0,5,3,5,4998,0,0,5,1,0,2,1,1,5,5,3,7,7780,8,0,69,100,800,1000,8592
2024-10-07 18:24:20,BATT014,192.168.91.232,54.0,0.0045,8,8,11,13,13,19,0,0,0,0,0,0,0,0,0,0,1,65535,65535,65534,0,0,0,0,65532,0,0,0,146,0,403,0,544,0,71,0,1312,3975,4013,3962,0,0,25,0,0,3,0,0,5,3,5,4998,0,0,4,0,0,0,1,1,5,4,0,7,7780,8,0,69,100,800,1000,8592
2024-10-07 18:25:15,BATT014,192.168.91.232,55.0,0.004583333333333333,8,6,11,13,10,19,0,0,0,0,0,0,0,0,0,0,1,65535,65535,65534,0,0,0,0,65532,0,0,0,146,0,403,0,544,0,71,0,1312,3975,4013,3962,0,0,25,0,0,3,0,0,5,3,5,4996,0,0,5,0,0,0,1,1,5,5,0,7,7781,8,0,69,100,800,1000,8592
2024-10-07 18:26:10,BATT014,192.168.91.232,55.0,0.004583333333333333,8,8,11,13,13,19,0,0,0,0,0,0,0,0,0,0,1,65535,65535,65534,0,0,0,0,65532,0,0,0,146,0,403,0,544,0,71,0,1312,3975,4013,3962,0,0,25,0,0,3,0,0,5,3,5,4998,0,0,4,0,0,0,1,1,5,4,0,7,7780,8,0,69,100,800,1000,8592
2024-10-07 18:27:04,BATT014,192.168.91.232,54.0,0.0045,8,8,8,13,13,13,0,0,0,0,0,0,0,0,0,0,1,1,1,2,0,0,0,0,4,0,0,0,146,0,403,0,544,0,71,0,1312,3975,4009,3962,0,0,25,0,0,3,0,0,5,3,5,4998,0,0,4,1,1,2,1,1,5,4,4,7,7780,8,0,69,100,800,1000,8592
2024-10-07 18:27:58,BATT014,192.168.91.232,54.0,0.0045,8,6,11,13,10,19,0,0,0,0,0,0,0,0,0,0,1,65535,65535,65534,0,0,0,0,65532,0,0,0,146,0,403,0,544,0,71,0,1312,3975,4013,3962,0,0,25,0,0,3,0,0,5,3,5,4998,0,0,5,0,0,0,1,1,5,5,0,7,7780,8,0,69,100,800,1000,8592
2024-10-07 18:28:52,BATT014,192.168.91.232,54.0,0.0045,8,8,11,13,13,19,0,0,0,0,0,0,0,0,0,0,1,65535,65535,65534,0,0,0,0,65532,0,0,0,146,0,403,0,544,0,71,0,1312,3975,4009,3962,0,0,25,0,0,3,0,0,5,3,5,4998,0,0,5,0,0,0,1,1,5,5,0,7,7781,8,0,69,100,800,1000,8592
2024-10-07 18:29:47,BATT014,192.168.91.232,55.0,0.004583333333333333,8,8,11,13,13,19,0,0,0,0,0,0,0,0,0,0,1,65535,65535,65534,0,0,0,0,65532,0,0,0,146,0,403,0,544,0,71,0,1312,3975,4013,3962,0,0,25,0,0,3,0,0,5,3,5,4998,0,0,4,0,0,0,1,1,5,4,0,7,7779,8,0,69,100,800,1000,8592
2024-10-07 18:30:41,BATT014,192.168.91.232,54.0,0.0045,8,6,11,13,10,19,0,0,0,0,0,0,0,0,0,0,1,65534,65535,65534,0,0,0,0,65531,0,0,0,146,0,403,0,544,0,71,0,1312,3975,4013,3962,0,0,25,0,0,3,0,0,5,3,5,4998,0,0,5,0,0,0,2,1,6,5,0,9,7779,8,0,69,100,800,1000,8592
2024-10-07 18:31:36,BATT014,192.168.91.232,55.0,0.004583333333333333,8,8,11,13,13,19,0,0,0,0,0,0,0,0,0,0,1,65535,65535,65534,0,0,0,0,65532,0,0,0,146,0,403,0,544,0,71,0,1312,3975,4013,3962,0,0,25,0,0,3,0,0,5,3,5,4998,0,0,4,0,0,0,2,1,5,4,0,8,7779,8,0,69,100,800,1000,8592
2024-10-07 18:32:30,BATT014,192.168.91.232,54.0,0.0045,8,8,11,13,13,19,0,0,0,0,0,0,0,0,0,0,1,65535,65535,65534,0,0,0,0,65532,0,0,0,146,0,403,0,544,0,71,0,1312,3975,4013,3962,0,0,25,0,0,3,0,0,5,3,5,4998,0,0,4,0,0,0,1,1,5,4,0,7,7777,8,0,69,100,800,1000,8592
2024-10-07 18:33:25,BATT014,192.168.91.232,55.0,0.004583333333333333,8,6,8,13,10,13,0,0,0,0,0,0,0,0,0,0,1,65535,65535,65533,0,0,0,0,65531,0,0,0,146,0,403,0,544,0,71,0,1312,3975,4009,3962,0,0,25,0,0,3,0,0,5,3,5,4998,0,0,4,0,0,0,1,1,5,4,0,7,7777,8,0,69,100,800,1000,8592
2024-10-07 18:34:19,BATT014,192.168.91.232,54.0,0.0045,8,8,11,13,13,19,0,0,0,0,0,0,0,0,0,0,1,65535,65535,65534,0,0,0,0,65532,0,0,0,146,0,403,0,544,0,71,0,1312,3975,4013,3962,0,0,25,0,0,3,0,0,5,3,5,4998,0,0,4,0,0,0,1,1,5,4,0,7,7777,8,0,69,100,800,1000,8592
2024-10-07 18:35:14,BATT014,192.168.91.232,55.0,0.004583333333333333,8,8,11,13,13,19,0,0,0,0,0,0,0,0,0,0,1,65535,65535,65534,0,0,0,0,65532,0,0,0,146,0,403,0,544,0,71,0,1312,3975,4013,3962,0,0,25,0,0,3,0,0,5,3,5,4998,0,0,4,0,0,0,2,1,6,4,0,9,7778,8,0,69,100,800,1000,8592
2024-10-07 18:36:08,BATT014,192.168.91.232,54.0,0.0045,8,8,11,13,13,19,0,0,0,0,0,0,0,0,0,0,1,65535,65535,65534,0,0,0,0,65532,0,0,0,146,0,403,0,544,0,71,0,1312,3975,4013,3962,0,0,25,0,0,3,0,0,5,3,5,4998,0,0,4,0,0,0,1,1,5,4,0,7,7778,8,0,69,100,800,1000,8592
2024-10-07 18:37:03,BATT014,192.168.91.232,55.0,0.004583333333333333,8,8,11,13,13,19,0,0,0,0,0,0,0,0,0,0,1,65535,65535,65534,0,0,0,0,65532,0,0,0,146,0,403,0,544,0,71,0,1312,3975,4013,3962,0,0,25,0,0,3,0,0,5,3,5,4998,0,0,5,0,0,0,1,1,5,5,0,7,7778,8,0,69,100,800,1000,8592
2024-10-07 18:37:57,BATT014,192.168.91.232,54.0,0.0045,8,8,11,13,13,19,0,0,0,0,0,0,0,0,0,0,1,65535,65535,65534,0,0,0,0,65532,0,0,0,146,0,403,0,544,0,71,0,1312,3975,4013,3962,0,0,25,0,0,3,0,0,5,3,5,4996,0,0,5,0,0,0,1,1,5,5,0,7,7777,8,0,69,100,800,1000,8592
2024-10-07 18:38:52,BATT014,192.168.91.232,55.0,0.004583333333333333,8,8,11,13,13,19,0,0,0,0,0,0,0,0,0,0,1,65535,65535,65534,0,0,0,0,65532,0,0,0,146,0,403,0,544,0,71,0,1312,3975,4013,3962,0,0,25,0,0,3,0,0,5,3,5,4998,0,0,4,0,0,0,1,1,5,4,0,7,7777,8,0,69,100,800,1000,8592
2024-10-07 18:39:47,BATT014,192.168.91.232,55.0,0.004583333333333333,8,8,11,13,13,19,0,0,0,0,0,0,0,0,0,0,1,65535,65535,65533,0,0,0,0,65531,0,0,0,146,0,403,0,544,0,71,0,1312,3975,4013,3962,0,0,25,0,0,3,0,0,5,3,5,4998,0,0,4,0,0,0,1,1,5,4,0,7,7777,8,0,69,100,800,1000,8592
2024-10-07 18:40:41,BATT014,192.168.91.232,54.0,0.0045,8,8,11,13,13,19,0,0,0,0,0,0,0,0,0,0,1,65535,65535,65533,0,0,0,0,65531,0,0,0,146,0,403,0,544,0,71,0,1312,3975,4009,3962,0,0,25,0,0,3,0,0,5,3,5,4998,0,0,4,0,0,0,1,1,5,4,0,7,7778,8,0,69,100,800,1000,8592
2024-10-07 18:41:35,BATT014,192.168.91.232,54.0,0.0045,8,8,11,13,13,19,0,0,0,0,0,0,0,0,0,0,1,65535,65535,65534,0,0,0,0,65532,0,0,0,146,0,403,0,544,0,71,0,1312,3975,4013,3962,0,0,25,0,0,3,0,0,5,3,5,4998,0,0,4,0,0,0,2,1,5,4,0,8,7776,8,0,69,100,800,1000,8592
2024-10-07 18:42:30,BATT014,192.168.91.232,55.0,0.004583333333333333,11,8,11,19,13,19,0,0,0,0,0,0,0,0,0,0,1,65535,65535,65534,0,0,0,0,65532,0,0,0,146,0,403,0,544,0,71,0,1312,3975,4009,3962,0,0,25,0,0,3,0,0,5,3,5,4998,0,0,4,0,0,0,1,1,5,4,0,7,7777,8,0,69,100,800,1000,8592
2024-10-07 18:43:24,BATT014,192.168.91.232,54.0,0.0045,11,8,11,19,13,19,0,0,0,0,0,0,0,0,0,0,1,65535,65535,65534,0,0,0,0,65532,0,0,0,146,0,403,0,544,0,71,0,1312,3975,4013,3962,0,0,25,0,0,3,0,0,5,3,5,4998,0,0,4,0,0,0,1,1,5,4,0,7,7776,8,0,69,100,800,1000,8592
2024-10-07 18:44:19,BATT014,192.168.91.232,55.0,0.004583333333333333,8,6,11,13,10,19,0,0,0,0,0,0,0,0,0,0,1,65535,65535,65534,0,0,0,0,65532,0,0,0,146,0,403,0,544,0,71,0,1312,3975,4013,3962,0,0,25,0,0,3,0,0,5,3,5,4998,0,0,5,0,0,0,1,1,5,5,0,7,7775,8,0,69,100,800,1000,8592
2024-10-07 18:45:13,BATT014,192.168.91.232,54.0,0.0045,8,8,11,13,13,19,0,0,0,0,0,0,0,0,0,0,1,65535,65535,65533,0,0,0,0,65531,0,0,0,146,0,403,0,544,0,71,0,1312,3975,4013,3962,0,0,25,0,0,3,0,0,5,3,5,4998,0,0,4,0,0,0,1,1,5,4,0,7,7777,8,0,69,100,800,1000,8592
2024-10-07 18:46:07,BATT014,192.168.91.232,54.0,0.0045,8,8,11,13,13,19,0,0,0,0,0,0,0,0,0,0,1,65535,65535,65534,0,0,0,0,65532,0,0,0,146,0,403,0,544,0,71,0,1312,3975,4009,3962,0,0,25,0,0,3,0,0,5,3,5,4996,0,0,5,0,0,0,1,1,5,5,0,7,7777,8,0,69,100,800,1000,8592
2024-10-07 18:47:02,BATT014,192.168.91.232,55.0,0.004583333333333333,8,8,11,13,13,19,0,0,0,0,0,0,0,0,0,0,1,1,1,2,0,0,0,0,4,0,0,0,146,0,403,0,544,0,71,0,1312,3975,4009,3962,0,0,25,0,0,3,0,0,5,3,5,4998,0,0,4,1,1,2,1,1,5,4,4,7,7776,8,0,69,100,800,1000,8592
2024-10-07 18:47:56,BATT014,192.168.91.232,54.0,0.0045,8,8,11,13,13,19,0,0,0,0,0,0,0,0,0,0,1,65535,65535,65534,0,0,0,0,65532,0,0,0,146,0,403,0,544,0,71,0,1312,3975,4009,3962,0,0,25,0,0,3,0,0,5,3,5,4998,0,0,4,0,0,0,1,1,5,4,0,7,7776,8,0,69,100,800,1000,8592
2024-10-07 18:48:51,BATT014,192.168.91.232,55.0,0.004583333333333333,8,8,11,13,13,19,0,0,0,0,0,0,0,0,0,0,1,65535,65535,65534,0,0,0,0,65532,0,0,0,146,0,403,0,544,0,71,0,1312,3975,4013,3962,0,0,25,0,0,3,0,0,5,3,5,4998,0,0,4,0,0,0,1,1,5,4,0,7,7776,8,0,69,100,800,1000,8592
2024-10-07 18:49:46,BATT014,192.168.91.232,55.0,0.004583333333333333,8,8,11,13,13,19,0,0,0,0,0,0,0,0,0,0,1,65535,65535,65534,0,0,0,0,65532,0,0,0,146,0,403,0,544,0,71,0,1312,3975,4013,3962,0,0,25,0,0,3,0,0,5,3,5,4998,0,0,4,0,0,0,2,1,5,4,0,8,7774,8,0,69,100,800,1000,8592
2024-10-07 18:50:40,BATT014,192.168.91.232,54.0,0.0045,8,8,11,13,13,19,0,0,0,0,0,0,0,0,0,0,1,65535,65535,65534,0,0,0,0,65532,0,0,0,146,0,403,0,544,0,71,0,1312,3975,4013,3962,0,0,25,0,0,3,0,0,5,3,5,4998,0,0,4,0,0,0,1,1,5,4,0,7,7774,8,0,69,100,800,1000,8592
2024-10-07 18:51:35,BATT014,192.168.91.232,55.0,0.004583333333333333,8,8,11,13,13,19,0,0,0,0,0,0,0,0,0,0,1,65535,65535,65534,0,0,0,0,65532,0,0,0,146,0,403,0,544,0,71,0,1312,3975,4009,3962,0,0,25,0,0,3,0,0,5,3,5,4998,0,0,5,0,0,0,1,1,5,5,0,7,7775,8,0,69,100,800,1000,8592
2024-10-07 18:52:29,BATT014,192.168.91.232,54.0,0.0045,8,8,11,13,13,19,0,0,0,0,0,0,0,0,0,0,1,1,1,3,0,0,0,0,5,0,0,0,146,0,403,0,544,0,71,0,1312,3975,4013,3962,0,0,25,0,0,3,0,0,5,3,5,4998,0,0,4,1,1,3,1,1,5,4,5,7,7774,8,0,69,100,800,1000,8592
2024-10-07 18:53:23,BATT014,192.168.91.232,54.0,0.0045,8,6,11,13,10,19,0,0,0,0,0,0,0,0,0,0,1,65535,65535,65534,0,0,0,0,65532,0,0,0,146,0,403,0,544,0,71,0,1312,3975,4013,3962,0,0,25,0,0,3,0,0,5,3,5,4998,0,0,4,0,0,0,2,1,5,4,0,8,7772,9,0,69,100,800,1000,8592
2024-10-07 18:54:18,BATT014,192.168.91.232,55.0,0.004583333333333333,8,8,11,13,13,19,0,0,0,0,0,0,0,0,0,0,1,65535,65535,65534,0,0,0,0,65532,0,0,0,146,0,403,0,544,0,71,0,1312,3975,4013,3962,0,0,25,0,0,3,0,0,5,3,5,4998,0,0,5,0,0,0,1,1,5,5,0,7,7773,8,0,69,100,800,1000,8592
2024-10-07 18:55:13,BATT014,192.168.91.232,55.0,0.004583333333333333,8,8,11,13,13,19,0,0,0,0,0,0,0,0,0,0,1,65535,65535,65533,0,0,0,0,65531,0,0,0,146,0,403,0,544,0,71,0,1312,3975,4013,3962,0,0,25,0,0,3,0,0,5,3,5,4998,0,0,4,0,0,0,2,1,5,4,0,8,7774,8,0,69,100,800,1000,8592
2024-10-07 18:56:07,BATT014,192.168.91.232,54.0,0.0045,8,6,8,13,10,13,0,0,0,0,0,0,0,0,0,0,1,2,0,2,0,0,0,0,4,0,0,0,146,0,403,0,544,0,71,0,1312,3975,4009,3962,0,0,25,0,0,3,0,0,5,3,5,4998,0,0,4,2,0,2,2,0,5,4,4,7,7775,8,0,69,100,800,1000,8592
2024-10-07 18:57:01,BATT014,192.168.91.232,54.0,0.0045,8,6,11,13,10,19,0,0,0,0,0,0,0,0,0,0,1,65535,65535,65534,0,0,0,0,65532,0,0,0,146,0,403,0,544,0,71,0,1312,3975,4013,3962,0,0,25,0,0,3,0,0,5,3,5,4998,0,0,4,0,0,0,1,1,5,4,0,7,7772,8,0,69,100,800,1000,8592
2024-10-07 18:57:56,BATT014,192.168.91.232,55.0,0.004583333333333333,8,8,11,13,13,19,0,0,0,0,0,0,0,0,0,0,1,65534,65535,65533,0,0,0,0,65530,0,0,0,146,0,403,0,544,0,71,0,1312,3975,4009,3962,0,0,25,0,0,3,0,0,5,3,5,4998,0,0,4,0,0,0,2,1,5,4,0,8,7773,8,0,69,100,800,1000,8592
2024-10-07 18:58:50,BATT014,192.168.91.232,54.0,0.0045,8,8,11,13,13,19,0,0,0,0,0,0,0,0,0,0,1,65535,65535,65534,0,0,0,0,65532,0,0,0,146,0,403,0,544,0,71,0,1312,3975,4013,3962,0,0,25,0,0,3,0,0,5,3,5,4998,0,0,5,0,0,0,2,1,5,5,0,8,7773,8,0,69,100,800,1000,8592
2024-10-07 18:59:44,BATT014,192.168.91.232,54.0,0.0045,8,6,8,13,10,13,0,0,0,0,0,0,0,0,0,0,1,65535,65535,65534,0,0,0,0,65532,0,0,0,146,0,403,0,544,0,71,0,1312,3975,4009,3962,0,0,25,0,0,3,0,0,5,3,5,4998,0,0,5,0,0,0,1,1,5,5,0,7,7773,8,0,69,100,800,1000,8592
2024-10-07 19:00:39,BATT014,192.168.91.232,55.0,0.004583333333333333,8,6,11,13,10,19,0,0,0,0,0,0,0,0,0,0,1,1,1,2,0,0,0,0,4,0,0,0,146,0,403,0,544,0,71,0,1312,3975,4013,3962,0,0,25,0,0,3,0,0,5,3,5,4998,0,0,4,1,1,2,2,1,5,4,4,8,7771,8,0,69,100,800,1000,8592
2024-10-07 19:01:34,BATT014,192.168.91.232,55.0,0.004583333333333333,8,8,11,13,13,19,0,0,0,0,0,0,0,0,0,0,1,65535,65535,65534,0,0,0,0,65532,0,0,0,146,0,403,0,544,0,71,0,1312,3975,4013,3962,0,0,25,0,0,3,0,0,5,3,5,4998,0,0,4,0,0,0,1,1,5,4,0,7,7772,8,0,69,100,800,1000,8592
2024-10-07 19:02:28,BATT014,192.168.91.232,54.0,0.0015,8,6,8,13,10,13,0,0,0,0,0,0,0,0,0,0,1,1,1,2,0,0,0,0,4,0,0,0,146,0,403,0,544,0,71,0,1312,3978,4006,3968,0,0,4,0,0,1,0,0,3,1,3,4996,0,0,2,1,1,2,1,1,3,2,4,5,7774,5,0,69,100,800,1000,8592
2024-10-07 19:03:22,BATT014,192.168.91.232,54.0,0.0015,8,8,8,13,13,13,0,0,0,0,0,0,0,0,0,0,1,1,1,1,0,0,0,0,3,0,0,0,146,0,403,0,544,0,71,0,1312,3978,4006,3968,0,0,0,0,0,1,0,0,3,1,3,4998,0,0,2,1,1,1,1,1,3,2,3,5,7775,5,0,69,100,800,1000,8592
2024-10-07 19:04:17,BATT014,192.168.91.232,55.0,0.0015277777777777779,8,6,11,13,10,19,0,0,0,0,0,0,0,0,0,0,1,1,1,1,0,0,0,0,3,0,0,0,146,0,403,0,544,0,71,0,1312,3978,4006,3968,0,0,0,0,0,1,0,0,0,1,0,4996,0,0,2,1,1,1,1,1,3,2,3,5,7774,5,0,69,100,800,1000,8592
2024-10-07 19:05:11,BATT014,192.168.91.232,54.0,0.0015,8,6,11,13,10,19,0,0,0,0,0,0,0,0,0,0,1,1,1,2,0,0,0,0,4,0,0,0,146,0,403,0,544,0,71,0,1312,3978,4006,3968,0,0,9,0,0,1,0,0,3,1,3,4998,0,0,2,1,1,2,2,1,3,2,4,6,7775,5,0,69,100,800,1000,8592
2024-10-07 19:06:06,BATT014,192.168.91.232,55.0,0.0015277777777777779,8,8,11,13,13,19,0,0,0,0,0,0,0,0,0,0,1,1,1,2,0,0,0,0,4,0,0,0,146,0,403,0,544,0,71,0,1312,3978,4006,3968,0,0,6,0,0,1,0,0,0,1,0,4998,0,0,2,1,1,2,2,1,3,2,4,6,7776,5,0,69,100,800,1000,8592
2024-10-07 19:07:01,BATT014,192.168.91.232,55.0,0.0015277777777777779,8,8,11,13,13,19,0,0,0,0,0,0,0,0,0,0,1,65535,65535,65535,0,0,0,0,65533,0,0,0,146,0,403,0,544,0,71,0,1312,3975,4006,3968,0,0,3,0,0,1,0,0,3,1,3,4998,0,0,2,0,0,0,1,1,2,2,0,4,7774,5,0,69,100,800,1000,8592
2024-10-07 19:07:55,BATT014,192.168.91.232,54.0,0.0015,8,8,11,13,13,19,0,0,0,0,0,0,0,0,0,0,1,1,1,1,0,0,0,0,3,0,0,0,146,0,403,0,544,0,71,0,1312,3975,4006,3968,0,0,5,0,0,1,0,0,0,1,0,4998,0,0,2,1,1,1,1,1,3,2,3,5,7774,5,0,69,100,800,1000,8592
2024-10-07 19:08:50,BATT014,192.168.91.232,55.0,0.0015277777777777779,8,8,11,13,13,19,0,0,0,0,0,0,0,0,0,0,1,1,1,1,0,0,0,0,3,0,0,0,146,0,403,0,544,0,71,0,1312,3978,4006,3968,0,0,0,0,0,1,0,0,0,1,0,4998,0,0,2,1,1,1,1,1,3,2,3,5,7774,5,0,69,100,800,1000,8592
2024-10-07 19:09:44,BATT014,192.168.91.232,54.0,0.0015,8,6,8,13,10,13,0,0,0,0,0,0,0,0,0,0,1,1,1,2,0,0,0,0,4,0,0,0,146,0,403,0,544,0,71,0,1312,3978,4006,3968,0,0,0,0,0,1,0,0,3,1,3,4998,0,0,2,1,1,2,1,1,3,2,4,5,7774,5,0,69,100,800,1000,8592
2024-10-07 19:10:39,BATT014,192.168.91.232,55.0,0.0015277777777777779,8,6,8,13,10,13,0,0,0,0,0,0,0,0,0,0,1,65535,65535,65534,0,0,0,0,65532,0,0,0,146,0,403,0,544,0,71,0,1312,3978,4006,3968,0,0,0,0,0,1,0,0,0,1,0,4998,0,0,2,0,0,0,1,1,3,2,0,5,7773,6,0,69,100,800,1000,8592
2024-10-07 19:11:33,BATT014,192.168.91.232,54.0,0.0015,8,6,11,13,10,19,0,0,0,0,0,0,0,0,0,0,1,65535,0,65535,0,0,0,0,65534,0,0,0,146,0,403,0,544,0,71,0,1312,3978,4006,3968,0,0,0,0,0,1,0,0,0,1,0,4998,0,0,2,0,0,0,1,0,3,2,0,4,7772,6,0,69,100,800,1000,8592
2024-10-07 19:12:28,BATT014,192.168.91.232,55.0,0.0015277777777777779,8,8,11,13,13,19,0,0,0,0,0,0,0,0,0,0,1,1,0,1,0,0,0,0,2,0,0,0,146,0,403,0,544,0,71,0,1312,3978,4006,3968,0,0,6,0,0,1,0,0,0,1,0,4998,0,0,2,1,0,1,1,1,3,2,2,5,7772,5,0,69,100,800,1000,8592
2024-10-07 19:13:22,BATT014,192.168.91.232,54.0,0.0015,8,8,8,13,13,13,0,0,0,0,0,0,0,0,0,0,1,1,1,1,0,0,0,0,3,0,0,0,146,0,403,0,544,0,71,0,1312,3978,4006,3968,0,0,8,0,0,1,0,0,0,1,0,4998,0,0,2,1,1,1,2,1,3,2,3,6,7773,6,0,69,100,800,1000,8592
2024-10-07 19:14:17,BATT014,192.168.91.232,55.0,0.0015277777777777779,8,8,11,13,13,19,0,0,0,0,0,0,0,0,0,0,1,65535,65535,65535,0,0,0,0,65533,0,0,0,146,0,403,0,544,0,71,0,1312,3978,4006,3968,0,0,5,0,0,1,0,0,3,1,3,4996,0,0,2,0,0,0,2,1,3,2,0,6,7772,6,0,69,100,800,1000,8592
2024-10-07 19:15:11,BATT014,192.168.91.232,54.0,0.0015,8,6,11,13,10,19,0,0,0,0,0,0,0,0,0,0,1,1,1,1,0,0,0,0,3,0,0,0,146,0,403,0,544,0,71,0,1312,3978,4006,3968,0,0,3,0,0,1,0,0,0,1,0,4998,0,0,2,1,1,1,1,1,3,2,3,5,7773,6,0,69,100,800,1000,8592
2024-10-07 19:16:05,BATT014,192.168.91.232,54.0,0.0015,8,8,11,13,13,19,0,0,0,0,0,0,0,0,0,0,1,65535,65535,65535,0,0,0,0,65533,0,0,0,146,0,403,0,544,0,71,0,1312,3978,4006,3968,0,0,3,0,0,1,0,0,0,1,0,4998,0,0,2,0,0,0,1,1,3,2,0,5,7773,6,0,69,100,800,1000,8592
2024-10-07 19:17:00,BATT014,192.168.91.232,55.0,0.0015277777777777779,8,8,11,13,13,19,0,0,0,0,0,0,0,0,0,0,1,65535,65535,65535,0,0,0,0,65533,0,0,0,146,0,403,0,544,0,71,0,1312,3978,4006,3968,0,0,9,0,0,1,0,0,0,1,0,4998,0,0,2,0,0,0,1,1,3,2,0,5,7773,6,0,69,100,800,1000,8592
2024-10-07 19:17:54,BATT014,192.168.91.232,54.0,0.0015,8,8,11,13,13,19,0,0,0,0,0,0,0,0,0,0,1,65535,65535,65535,0,0,0,0,65533,0,0,0,146,0,403,0,544,0,71,0,1313,3978,4006,3968,0,0,6,0,0,1,0,0,3,1,3,4996,0,0,2,0,0,0,1,1,3,2,0,5,7774,5,0,69,100,800,1000,8592
2024-10-07 19:18:48,BATT014,192.168.91.232,54.0,0.0015,8,8,8,13,13,13,0,0,0,0,0,0,0,0,0,0,1,65535,65535,65535,0,0,0,0,65533,0,0,0,146,0,403,0,544,0,71,0,1313,3978,4006,3968,0,0,4,0,0,1,0,0,0,1,0,4998,0,0,2,0,0,0,1,1,3,2,0,5,7773,5,0,69,100,800,1000,8592
2024-10-07 19:19:43,BATT014,192.168.91.232,55.0,0.0015277777777777779,8,8,11,13,13,19,0,0,0,0,0,0,0,0,0,0,1,1,1,2,0,0,0,0,4,0,0,0,146,0,403,0,544,0,71,0,1313,3978,4006,3968,0,0,11,0,0,1,0,0,3,1,3,4998,0,0,2,1,1,2,2,1,3,2,4,6,7773,5,0,69,100,800,1000,8592
2024-10-07 19:20:38,BATT014,192.168.91.232,55.0,0.0015277777777777779,8,8,11,13,13,19,0,0,0,0,0,0,0,0,0,0,1,1,1,1,0,0,0,0,3,0,0,0,146,0,403,0,544,0,71,0,1313,3978,4006,3968,0,0,11,0,0,1,0,0,3,1,3,4996,0,0,2,1,1,1,1,1,3,2,3,5,7774,5,0,69,100,800,1000,8592
2024-10-07 19:21:32,BATT014,192.168.91.232,54.0,0.0015,8,8,11,13,13,19,0,0,0,0,0,0,0,0,0,0,1,65534,65535,65535,0,0,0,0,65532,0,0,0,146,0,403,0,544,0,71,0,1313,3978,4006,3968,0,0,1,0,0,1,0,0,0,1,0,4998,0,0,2,0,0,0,2,1,3,2,0,6,7773,5,0,69,100,800,1000,8592
2024-10-07 19:22:26,BATT014,192.168.91.232,54.0,0.0015,8,8,11,13,13,19,0,0,0,0,0,0,0,0,0,0,1,65535,65535,65535,0,0,0,0,65533,0,0,0,146,0,403,0,544,0,71,0,1313,3978,4006,3968,0,0,2,0,0,1,0,0,0,1,0,4998,0,0,2,0,0,0,1,1,3,2,0,5,7774,5,0,69,100,800,1000,8592
2024-10-07 19:23:20,BATT014,192.168.91.232,54.0,0.0015,8,8,11,13,13,19,0,0,0,0,0,0,0,0,0,0,1,1,1,1,0,0,0,0,3,0,0,0,146,0,403,0,544,0,71,0,1313,3978,4006,3968,0,0,2,0,0,1,0,0,3,1,3,4998,0,0,2,1,1,1,1,1,3,2,3,5,7771,5,0,69,100,800,1000,8592
2024-10-07 19:24:16,BATT014,192.168.91.232,56.0,0.0015555555555555557,8,8,11,13,13,19,0,0,0,0,0,0,0,0,0,0,1,65535,65535,65534,0,0,0,0,65532,0,0,0,146,0,403,0,544,0,71,0,1313,3978,4006,3968,0,0,2,0,0,1,0,0,3,1,3,4998,0,0,2,0,0,0,2,1,3,2,0,6,7772,5,0,69,100,800,1000,8592
2024-10-07 19:25:10,BATT014,192.168.91.232,54.0,0.0015,8,8,11,13,13,19,0,0,0,0,0,0,0,0,0,0,1,1,1,1,0,0,0,0,3,0,0,0,146,0,403,0,544,0,71,0,1313,3978,4006,3968,0,0,0,0,0,1,0,0,0,1,0,4998,0,0,2,1,1,1,1,1,3,2,3,5,7771,6,0,69,100,800,1000,8592
2024-10-07 19:26:04,BATT014,192.168.91.232,54.0,0.0015,8,8,11,13,13,19,0,0,0,0,0,0,0,0,0,0,1,1,1,1,0,0,0,0,3,0,0,0,146,0,403,0,544,0,71,0,1313,3978,4006,3968,0,0,13,0,0,1,0,0,3,1,3,4998,0,0,2,1,1,1,1,1,3,2,3,5,7771,5,0,69,100,800,1000,8592
2024-10-07 19:26:59,BATT014,192.168.91.232,55.0,0.0015277777777777779,8,8,11,13,13,19,0,0,0,0,0,0,0,0,0,0,1,2,1,1,0,0,0,0,4,0,0,0,146,0,403,0,544,0,71,0,1313,3978,4006,3968,0,0,13,0,0,1,0,0,3,1,3,4998,0,0,2,2,1,1,2,1,3,2,4,6,7771,5,0,69,100,800,1000,8592
2024-10-07 19:27:53,BATT014,192.168.91.232,54.0,0.0015,8,8,11,13,13,19,0,0,0,0,0,0,0,0,0,0,1,65535,65535,65535,0,0,0,0,65533,0,0,0,146,0,403,0,544,0,71,0,1313,3978,4006,3968,0,0,11,0,0,1,0,0,3,1,3,4998,0,0,2,0,0,0,2,1,3,2,0,6,7770,6,0,69,100,800,1000,8592
2024-10-07 19:28:48,BATT014,192.168.91.232,55.0,0.0015277777777777779,8,8,11,13,13,19,0,0,0,0,0,0,0,0,0,0,1,1,1,2,0,0,0,0,4,0,0,0,146,0,403,0,544,0,71,0,1313,3978,4006,3968,0,0,6,0,0,1,0,0,0,1,0,4998,0,0,2,1,1,2,2,1,3,2,4,6,7771,5,0,69,100,800,1000,8592
2024-10-07 19:29:42,BATT014,192.168.91.232,54.0,0.0015,8,8,11,13,13,19,0,0,0,0,0,0,0,0,0,0,1,65535,65535,65535,0,0,0,0,65533,0,0,0,146,0,403,0,544,0,71,0,1313,3978,4006,3968,0,0,7,0,0,1,0,0,0,1,0,4998,0,0,2,0,0,0,1,1,3,2,0,5,7770,5,0,69,100,800,1000,8592
2024-10-07 19:30:36,BATT014,192.168.91.232,54.0,0.0015,8,8,11,13,13,19,0,0,0,0,0,0,0,0,0,0,1,1,1,1,0,0,0,0,3,0,0,0,146,0,403,0,544,0,71,0,1313,3978,4006,3968,0,0,2,0,0,1,0,0,3,1,3,4996,0,0,2,1,1,1,1,1,3,2,3,5,7770,6,0,69,100,800,1000,8592
2024-10-07 19:31:31,BATT014,192.168.91.232,55.0,0.0015277777777777779,8,8,11,13,13,19,0,0,0,0,0,0,0,0,0,0,1,65534,65535,65535,0,0,0,0,65532,0,0,0,146,0,403,0,544,0,71,0,1313,3978,4006,3968,0,0,5,0,0,1,0,0,0,1,0,4998,0,0,2,0,0,0,1,1,3,2,0,5,7770,6,0,69,100,800,1000,8592
2024-10-07 19:32:25,BATT014,192.168.91.232,54.0,0.0015,8,6,11,13,10,19,0,0,0,0,0,0,0,0,0,0,1,1,1,1,0,0,0,0,3,0,0,0,146,0,403,0,544,0,71,0,1313,3978,4006,3968,0,0,8,0,0,1,0,0,3,1,3,4998,0,0,2,1,1,1,1,1,3,2,3,5,7770,5,0,69,100,800,1000,8592
2024-10-07 19:33:20,BATT014,192.168.91.232,55.0,0.0015277777777777779,8,6,11,13,10,19,0,0,0,0,0,0,0,0,0,0,1,65535,65535,65535,0,0,0,0,65533,0,0,0,146,0,403,0,544,0,71,0,1313,3978,4006,3968,0,0,3,0,0,1,0,0,0,1,0,4996,0,0,2,0,0,0,1,1,3,2,0,5,7770,5,0,69,100,800,1000,8592
2024-10-07 19:34:14,BATT014,192.168.91.232,54.0,0.0015,8,6,11,13,10,19,0,0,0,0,0,0,0,0,0,0,1,1,1,2,0,0,0,0,4,0,0,0,146,0,403,0,544,0,71,0,1313,3978,4006,3968,0,0,4,0,0,1,0,0,3,1,3,4998,0,0,2,1,1,2,1,1,3,2,4,5,7767,6,0,69,100,800,1000,8592
2024-10-07 19:35:09,BATT014,192.168.91.232,55.0,0.0015277777777777779,8,6,11,13,10,19,0,0,0,0,0,0,0,0,0,0,1,1,1,1,0,0,0,0,3,0,0,0,146,0,403,0,544,0,71,0,1313,3978,4006,3968,0,0,5,0,0,1,0,0,0,1,0,4996,0,0,2,1,1,1,1,1,3,2,3,5,7768,6,0,69,100,800,1000,8592
2024-10-07 19:36:03,BATT014,192.168.91.232,54.0,0.0015,11,6,11,19,10,19,0,0,0,0,0,0,0,0,0,0,1,1,1,2,0,0,0,0,4,0,0,0,146,0,403,0,544,0,71,0,1313,3978,4006,3968,0,0,4,0,0,1,0,0,0,1,0,4998,0,0,2,1,1,2,2,1,3,2,4,6,7769,5,0,69,100,800,1000,8592
2024-10-07 19:36:58,BATT014,192.168.91.232,55.0,0.0015277777777777779,8,6,8,13,10,13,0,0,0,0,0,0,0,0,0,0,1,1,1,1,0,0,0,0,3,0,0,0,146,0,403,0,544,0,71,0,1313,3978,4006,3968,0,0,1,0,0,1,0,0,3,1,3,4998,0,0,2,1,1,1,2,1,3,2,3,6,7769,5,0,69,100,800,1000,8592
2024-10-07 19:37:52,BATT014,192.168.91.232,54.0,0.0015,8,6,8,13,10,13,0,0,0,0,0,0,0,0,0,0,1,1,1,1,0,0,0,0,3,0,0,0,146,0,403,0,544,0,71,0,1313,3978,4006,3968,0,0,2,0,0,1,0,0,0,1,0,4998,0,0,2,1,1,1,1,1,3,2,3,5,7769,6,0,69,100,800,1000,8592
2024-10-07 19:38:46,BATT014,192.168.91.232,54.0,0.0015,8,8,11,13,13,19,0,0,0,0,0,0,0,0,0,0,1,65535,65535,65535,0,0,0,0,65533,0,0,0,146,0,403,0,544,0,71,0,1313,3978,4006,3968,0,0,0,0,0,1,0,0,0,1,0,4998,0,0,2,0,0,0,1,1,3,2,0,5,7769,5,0,69,100,800,1000,8592
2024-10-07 19:39:41,BATT014,192.168.91.232,55.0,0.0015277777777777779,8,8,11,13,13,19,0,0,0,0,0,0,0,0,0,0,1,65535,65535,65535,0,0,0,0,65533,0,0,0,146,0,403,0,544,0,71,0,1313,3978,4006,3968,0,0,1,0,0,1,0,0,3,1,3,4996,0,0,2,0,0,0,2,1,3,2,0,6,7770,5,0,69,100,800,1000,8592
2024-10-07 19:40:35,BATT014,192.168.91.232,54.0,0.0015,8,6,11,13,10,19,0,0,0,0,0,0,0,0,0,0,1,1,1,1,0,0,0,0,3,0,0,0,146,0,403,0,544,0,71,0,1313,3978,4006,3968,0,0,3,0,0,1,0,0,0,1,0,4998,0,0,2,1,1,1,1,1,3,2,3,5,7768,5,0,69,100,800,1000,8592
2024-10-07 19:41:30,BATT014,192.168.91.232,55.0,0.0015277777777777779,8,8,11,13,13,19,0,0,0,0,0,0,0,0,0,0,1,1,1,2,0,0,0,0,4,0,0,0,146,0,403,0,544,0,71,0,1313,3978,4006,3968,0,0,3,0,0,1,0,0,0,1,0,4998,0,0,2,1,1,2,1,1,3,2,4,5,7768,6,0,69,100,800,1000,8592
2024-10-07 19:42:24,BATT014,192.168.91.232,54.0,0.0015,8,8,11,13,13,19,0,0,0,0,0,0,0,0,0,0,1,1,1,1,0,0,0,0,3,0,0,0,146,0,403,0,544,0,71,0,1313,3978,4006,3968,0,0,3,0,0,1,0,0,0,1,0,4996,0,0,2,1,1,1,2,1,3,2,3,6,7768,6,0,69,100,800,1000,8592
2024-10-07 19:43:18,BATT014,192.168.91.232,54.0,0.0015,8,8,11,13,13,19,0,0,0,0,0,0,0,0,0,0,1,1,1,1,0,0,0,0,3,0,0,0,146,0,403,0,544,0,71,0,1313,3978,4006,3968,0,0,3,0,0,1,0,0,3,1,3,4998,0,0,2,1,1,1,1,1,3,2,3,5,7768,5,0,69,100,800,1000,8592
2024-10-07 19:44:12,BATT014,192.168.91.232,54.0,0.0015,8,8,11,13,13,19,0,0,0,0,0,0,0,0,0,0,1,1,1,1,0,0,0,0,3,0,0,0,146,0,403,0,544,0,71,0,1313,3978,4006,3968,0,0,3,0,0,1,0,0,0,1,0,4996,0,0,2,1,1,1,1,1,3,2,3,5,7766,6,0,69,100,800,1000,8592
2024-10-07 19:45:07,BATT014,192.168.91.232,55.0,0.0015277777777777779,8,6,8,13,10,13,0,0,0,0,0,0,0,0,0,0,1,65535,65535,65534,0,0,0,0,65532,0,0,0,146,0,403,0,544,0,71,0,1313,3978,4006,3968,0,0,1,0,0,1,0,0,0,1,0,4998,0,0,2,0,0,0,2,1,3,2,0,6,7767,6,0,69,100,800,1000,8592
2024-10-07 19:46:01,BATT014,192.168.91.232,54.0,0.0015,8,8,11,13,13,19,0,0,0,0,0,0,0,0,0,0,1,1,1,1,0,0,0,0,3,0,0,0,146,0,403,0,544,0,71,0,1313,3978,4006,3968,0,0,2,0,0,1,0,0,0,1,0,4998,0,0,2,1,1,1,2,1,3,2,3,6,7767,6,0,69,100,800,1000,8592
2024-10-07 19:46:55,BATT014,192.168.91.232,54.0,0.0015,8,6,8,13,10,13,0,0,0,0,0,0,0,0,0,0,1,65535,65535,65535,0,0,0,0,65533,0,0,0,146,0,403,0,544,0,71,0,1313,3978,4006,3968,0,0,0,0,0,1,0,0,0,1,0,4998,0,0,2,0,0,0,1,1,3,2,0,5,7769,5,0,69,100,800,1000,8592
2024-10-07 19:47:50,BATT014,192.168.91.232,55.0,0.0015277777777777779,8,6,11,13,10,19,0,0,0,0,0,0,0,0,0,0,1,1,1,1,0,0,0,0,3,0,0,0,146,0,403,0,544,0,71,0,1313,3978,4006,3968,0,0,0,0,0,1,0,0,3,1,3,4998,0,0,2,1,1,1,2,1,3,2,3,6,7767,6,0,69,100,800,1000,8592
2024-10-07 19:48:44,BATT014,192.168.91.232,54.0,0.0015,8,8,8,13,13,13,0,0,0,0,0,0,0,0,0,0,1,65535,65535,65535,0,0,0,0,65533,0,0,0,146,0,403,0,544,0,71,0,1313,3978,4006,3968,0,0,0,0,0,1,0,0,0,1,0,4998,0,0,2,0,0,0,1,1,3,2,0,5,7767,5,0,69,100,800,1000,8592
2024-10-07 19:49:39,BATT014,192.168.91.232,55.0,0.0015277777777777779,8,6,8,13,10,13,0,0,0,0,0,0,0,0,0,0,1,1,1,1,0,0,0,0,3,0,0,0,146,0,403,0,544,0,71,0,1313,3978,4006,3968,0,0,2,0,0,1,0,0,0,1,0,4998,0,0,2,1,1,1,1,1,3,2,3,5,7767,6,0,69,100,800,1000,8592
2024-10-07 19:50:33,BATT014,192.168.91.232,54.0,0.0015,8,8,11,13,13,19,0,0,0,0,0,0,0,0,0,0,1,1,0,1,0,0,0,0,2,0,0,0,146,0,403,0,544,0,71,0,1313,3978,4006,3968,0,0,3,0,0,1,0,0,0,1,0,4998,0,0,2,1,0,1,2,0,3,2,2,5,7768,5,0,69,100,800,1000,8592
2024-10-07 19:51:28,BATT014,192.168.91.232,55.0,0.0015277777777777779,8,8,11,13,13,19,0,0,0,0,0,0,0,0,0,0,1,1,1,1,0,0,0,0,3,0,0,0,146,0,403,0,544,0,71,0,1313,3978,4006,3968,0,0,0,0,0,1,0,0,3,1,3,4996,0,0,2,1,1,1,1,1,3,2,3,5,7767,5,0,69,100,800,1000,8592
2024-10-07 19:52:22,BATT014,192.168.91.232,54.0,0.0015,8,8,8,13,13,13,0,0,0,0,0,0,0,0,0,0,1,65535,65535,65534,0,0,0,0,65532,0,0,0,146,0,403,0,544,0,71,0,1313,3978,4006,3968,0,0,0,0,0,1,0,0,0,1,0,4998,0,0,2,0,0,0,2,1,3,2,0,6,7767,5,0,69,100,800,1000,8592
2024-10-07 19:53:17,BATT014,192.168.91.232,55.0,0.0015277777777777779,8,8,8,13,13,13,0,0,0,0,0,0,0,0,0,0,1,1,1,1,0,0,0,0,3,0,0,0,146,0,403,0,544,0,71,0,1313,3978,4006,3968,0,0,2,0,0,1,0,0,0,1,0,4998,0,0,2,1,1,1,2,1,3,2,3,6,7767,5,0,69,100,800,1000,8592
2024-10-07 19:54:11,BATT014,192.168.91.232,54.0,0.0015,8,6,8,13,10,13,0,0,0,0,0,0,0,0,0,0,1,2,1,1,0,0,0,0,4,0,0,0,146,0,403,0,544,0,71,0,1313,3978,4006,3968,0,0,1,0,0,1,0,0,0,1,0,4998,0,0,2,2,1,1,1,1,3,2,4,5,7766,5,0,69,100,800,1000,8592
2024-10-07 19:55:06,BATT014,192.168.91.232,55.0,0.0015277777777777779,8,6,11,13,10,19,0,0,0,0,0,0,0,0,0,0,1,1,1,2,0,0,0,0,4,0,0,0,146,0,403,0,544,0,71,0,1313,3978,4006,3968,0,0,0,0,0,1,0,0,0,1,0,4998,0,0,2,1,1,2,1,1,2,2,4,4,7766,5,0,69,100,800,1000,8592
2024-10-07 19:56:01,BATT014,192.168.91.232,55.0,0.0015277777777777779,8,6,11,13,10,19,0,0,0,0,0,0,0,0,0,0,1,2,0,2,0,0,0,0,4,0,0,0,146,0,403,0,544,0,71,0,1313,3978,4006,3968,0,0,0,0,0,1,0,0,0,1,0,4998,0,0,2,2,0,2,1,1,3,2,4,5,7765,5,0,69,100,800,1000,8592
2024-10-07 19:56:55,BATT014,192.168.91.232,54.0,0.0015,8,8,11,13,13,19,0,0,0,0,0,0,0,0,0,0,1,1,1,2,0,0,0,0,4,0,0,0,146,0,403,0,544,0,71,0,1313,3978,4006,3968,0,0,0,0,0,1,0,0,0,1,0,4998,0,0,2,1,1,2,1,1,3,2,4,5,7764,6,0,69,100,800,1000,8592
2024-10-07 19:57:50,BATT014,192.168.91.232,55.0,0.0015277777777777779,8,6,8,13,10,13,0,0,0,0,0,0,0,0,0,0,1,65535,65535,65534,0,0,0,0,65532,0,0,0,146,0,403,0,544,0,71,0,1313,3978,4006,3968,0,0,0,0,0,1,0,0,0,1,0,4998,0,0,2,0,0,0,1,1,3,2,0,5,7765,5,0,69,100,800,1000,8592
2024-10-07 19:58:44,BATT014,192.168.91.232,54.0,0.0015,8,6,8,13,10,13,0,0,0,0,0,0,0,0,0,0,1,1,1,2,0,0,0,0,4,0,0,0,146,0,403,0,544,0,71,0,1313,3978,4006,3968,0,0,0,0,0,1,0,0,0,1,0,4998,0,0,2,1,1,2,1,1,3,2,4,5,7765,5,0,69,100,800,1000,8592
2024-10-07 19:59:39,BATT014,192.168.91.232,55.0,0.0015277777777777779,8,6,11,13,10,19,0,0,0,0,0,0,0,0,0,0,1,1,1,1,0,0,0,0,3,0,0,0,146,0,403,0,544,0,71,0,1313,3978,4006,3968,0,0,1,0,0,1,0,0,0,1,0,4996,0,0,2,1,1,1,2,1,3,2,3,6,7764,6,0,69,100,800,1000,8592
2024-10-07 20:00:33,BATT014,192.168.91.232,54.0,0.0015,8,6,11,13,10,19,0,0,0,0,0,0,0,0,0,0,1,1,1,2,0,0,0,0,4,0,0,0,146,0,403,0,544,0,71,0,1313,3978,4006,3968,0,0,1,0,0,1,0,0,0,1,0,4998,0,0,2,1,1,2,1,1,3,2,4,5,7765,6,0,69,100,800,1000,8592
2024-10-07 20:01:28,BATT014,192.168.91.232,55.0,0.0015277777777777779,8,6,8,13,10,13,0,0,0,0,0,0,0,0,0,0,1,1,1,1,0,0,0,0,3,0,0,0,146,0,403,0,544,0,71,0,1313,3978,4006,3968,0,0,0,0,0,1,0,0,0,1,0,4998,0,0,2,1,1,1,1,1,3,2,3,5,7765,6,0,69,100,800,1000,8592
2024-10-07 20:02:23,BATT014,192.168.91.232,55.0,0.0015277777777777779,8,6,8,13,10,13,0,0,0,0,0,0,0,0,0,0,1,1,1,1,0,0,0,0,3,0,0,0,146,0,403,0,544,0,71,0,1313,3978,4006,3968,0,0,0,0,0,1,0,0,0,1,0,4998,0,0,2,1,1,1,1,1,3,2,3,5,7764,6,0,69,100,800,1000,8592
2024-10-07 20:03:17,BATT014,192.168.91.232,54.0,0.0015,8,6,8,13,10,13,0,0,0,0,0,0,0,0,0,0,1,65535,65535,65535,0,0,0,0,65533,0,0,0,146,0,403,0,544,0,71,0,1313,3978,4006,3968,0,0,0,0,0,1,0,0,0,1,0,4998,0,0,2,0,0,0,1,1,3,2,0,5,7764,5,0,69,100,800,1000,8592
2024-10-07 20:04:12,BATT014,192.168.91.232,55.0,0.0015277777777777779,8,8,8,13,13,13,0,0,0,0,0,0,0,0,0,0,1,65535,65535,65535,0,0,0,0,65533,0,0,0,146,0,403,0,544,0,71,0,1313,3978,4006,3968,0,0,2,0,0,1,0,0,3,1,3,4998,0,0,2,0,0,0,1,1,3,2,0,5,7765,5,0,69,100,800,1000,8592
2024-10-07 20:05:06,BATT014,192.168.91.232,54.0,0.0015,8,6,8,13,10,13,0,0,0,0,0,0,0,0,0,0,1,1,1,2,0,0,0,0,4,0,0,0,146,0,403,0,544,0,71,0,1313,3978,4006,3968,0,0,0,0,0,1,0,0,0,1,0,4998,0,0,2,1,1,2,1,1,3,2,4,5,7764,5,0,69,100,800,1000,8592
2024-10-07 20:06:00,BATT014,192.168.91.232,54.0,0.0015,8,6,8,13,10,13,0,0,0,0,0,0,0,0,0,0,1,1,1,2,0,0,0,0,4,0,0,0,146,0,403,0,544,0,71,0,1313,3978,4006,3968,0,0,0,0,0,1,0,0,0,1,0,4998,0,0,3,1,1,2,1,1,3,3,4,5,7763,6,0,69,100,800,1000,8592
2024-10-07 20:06:55,BATT014,192.168.91.232,55.0,0.0015277777777777779,8,6,11,13,10,19,0,0,0,0,0,0,0,0,0,0,1,65534,65535,65535,0,0,0,0,65532,0,0,0,146,0,403,0,544,0,71,0,1313,3978,4006,3968,0,0,0,0,0,1,0,0,0,1,0,4998,0,0,2,0,0,0,2,1,3,2,0,6,7763,6,0,69,100,800,1000,8592
2024-10-07 20:07:49,BATT014,192.168.91.232,54.0,0.0015,8,6,8,13,10,13,0,0,0,0,0,0,0,0,0,0,1,65535,65535,65534,0,0,0,0,65532,0,0,0,146,0,403,0,544,0,71,0,1313,3978,4006,3968,0,0,0,0,0,1,0,0,0,1,0,4998,0,0,2,0,0,0,1,1,3,2,0,5,7763,5,0,69,100,800,1000,8592
2024-10-07 20:08:43,BATT014,192.168.91.232,54.0,0.0015,8,6,8,13,10,13,0,0,0,0,0,0,0,0,0,0,1,1,1,2,0,0,0,0,4,0,0,0,146,0,403,0,544,0,71,0,1313,3978,4006,3968,0,0,0,0,0,1,0,0,0,1,0,4998,0,0,2,1,1,2,1,1,3,2,4,5,7764,5,0,69,100,800,1000,8592
2024-10-07 20:09:38,BATT014,192.168.91.232,55.0,0.0015277777777777779,8,6,8,13,10,13,0,0,0,0,0,0,0,0,0,0,1,1,1,2,0,0,0,0,4,0,0,0,146,0,403,0,544,0,71,0,1313,3978,4002,3968,0,0,0,0,0,1,0,0,0,1,0,4998,0,0,2,1,1,2,1,1,3,2,4,5,7763,5,0,69,100,800,1000,8592
2024-10-07 20:10:32,BATT014,192.168.91.232,54.0,0.0015,8,6,11,13,10,19,0,0,0,0,0,0,0,0,0,0,1,1,1,1,0,0,0,0,3,0,0,0,146,0,403,0,544,0,71,0,1313,3978,4006,3968,0,0,0,0,0,1,0,0,0,1,0,4998,0,0,2,1,1,1,2,1,3,2,3,6,7764,5,0,69,100,800,1000,8592
2024-10-07 20:11:26,BATT014,192.168.91.232,54.0,0.0015,8,6,8,13,10,13,0,0,0,0,0,0,0,0,0,0,1,65535,65535,65535,0,0,0,0,65533,0,0,0,146,0,403,0,544,0,71,0,1313,3978,4006,3968,0,0,0,0,0,1,0,0,0,1,0,4998,0,0,2,0,0,0,1,1,3,2,0,5,7762,6,0,69,100,800,1000,8592
2024-10-07 20:12:21,BATT014,192.168.91.232,55.0,0.0015277777777777779,8,8,11,13,13,19,0,0,0,0,0,0,0,0,0,0,1,1,1,1,0,0,0,0,3,0,0,0,146,0,403,0,544,0,71,0,1313,3978,4006,3968,0,0,0,0,0,1,0,0,0,1,0,4998,0,0,2,1,1,1,2,1,3,2,3,6,7761,6,0,69,100,800,1000,8592
2024-10-07 20:13:15,BATT014,192.168.91.232,54.0,0.0015,8,6,8,13,10,13,0,0,0,0,0,0,0,0,0,0,1,1,1,2,0,0,0,0,4,0,0,0,146,0,403,0,544,0,71,0,1313,3978,4002,3968,0,0,0,0,0,1,0,0,0,1,0,4998,0,0,2,1,1,2,1,1,3,2,4,5,7763,5,0,69,100,800,1000,8592
2024-10-07 20:14:10,BATT014,192.168.91.232,55.0,0.0015277777777777779,8,6,8,13,10,13,0,0,0,0,0,0,0,0,0,0,1,1,0,2,0,0,0,0,3,0,0,0,146,0,403,0,544,0,71,0,1313,3978,4006,3968,0,0,0,0,0,1,0,0,0,1,0,4996,0,0,2,1,0,2,1,1,3,2,3,5,7761,6,0,69,100,800,1000,8592
2024-10-07 20:15:04,BATT014,192.168.91.232,54.0,0.0015,8,6,11,13,10,19,0,0,0,0,0,0,0,0,0,0,1,65535,65535,65534,0,0,0,0,65532,0,0,0,146,0,403,0,544,0,71,0,1313,3978,4006,3968,0,0,0,0,0,1,0,0,0,1,0,4998,0,0,2,0,0,0,1,1,3,2,0,5,7763,6,0,69,100,800,1000,8592
2024-10-07 20:15:58,BATT014,192.168.91.232,54.0,0.0015,8,6,8,13,10,13,0,0,0,0,0,0,0,0,0,0,1,1,1,2,0,0,0,0,4,0,0,0,146,0,403,0,544,0,71,0,1313,3978,4006,3968,0,0,0,0,0,1,0,0,0,1,0,4998,0,0,2,1,1,2,1,1,3,2,4,5,7762,5,0,69,100,800,1000,8592
2024-10-07 20:16:53,BATT014,192.168.91.232,55.0,0.0015277777777777779,8,6,8,13,10,13,0,0,0,0,0,0,0,0,0,0,1,65535,65535,65534,0,0,0,0,65532,0,0,0,146,0,403,0,544,0,71,0,1313,3978,4006,3968,0,0,6,0,0,1,0,0,0,1,0,4996,0,0,2,0,0,0,1,1,3,2,0,5,7762,6,0,69,100,800,1000,8592
2024-10-07 20:17:47,BATT014,192.168.91.232,54.0,0.0015,8,6,8,13,10,13,0,0,0,0,0,0,0,0,0,0,1,1,1,2,0,0,0,0,4,0,0,0,146,0,403,0,544,0,71,0,1313,3978,4006,3968,0,0,0,0,0,1,0,0,0,1,0,4998,0,0,2,1,1,2,2,1,3,2,4,6,7761,6,0,69,100,800,1000,8592
2024-10-07 20:18:42,BATT014,192.168.91.232,55.0,0.0015277777777777779,8,8,11,13,13,19,0,0,0,0,0,0,0,0,0,0,1,65535,65535,65535,0,0,0,0,65533,0,0,0,146,0,403,0,544,0,71,0,1313,3978,4006,3968,0,0,0,0,0,1,0,0,0,1,0,4998,0,0,2,0,0,0,2,1,3,2,0,6,7760,6,0,69,100,800,1000,8592
